time,latitude,longitude,depth,mag,magType,nst,gap,dmin,rms,net,id,updated,place,type,horizontalError,depthError,magError,magNst,status,locationSource,magSource
"2021-07-26T12:09:06.655Z,-0.7679,121.9083,11,6.3,mww,,18,0.905,1.29,us,us6000ez5x,2022-08-09T06:14:13.862Z,""99 km WNW of Luwuk, Indonesia"",earthquake,5,1.7,0.045,47,reviewed,us,us"
"2025-07-23T20:50:43.792Z,0.4411,122.0874,142,6.3,mww,171,15,1.465,0.92,us,us6000qugg,2025-10-11T20:57:04.040Z,""109 km W of Gorontalo, Indonesia"",earthquake,5.56,1.838,0.033,89,reviewed,us,us"
"2021-01-06T20:59:34.315Z,0.0658,122.9487,148,6.1,mww,,13,1.114,1.23,us,us6000d69r,2021-03-13T22:59:38.040Z,""53 km SSW of Gorontalo, Indonesia"",earthquake,6.7,1.8,0.035,78,reviewed,us,us"
"2024-09-23T19:51:02.568Z,-0.0469,122.8918,143,6,mww,128,21,0.996,1.01,us,us6000ntxc,2024-12-06T19:30:12.040Z,""67 km SSW of Gorontalo, Indonesia"",earthquake,6.36,1.785,0.037,72,reviewed,us,us"
"2023-01-18T00:34:45.151Z,-0.0116,123.1998,154,6,mww,303,19,1.109,0.93,us,us7000j511,2023-03-31T19:45:01.040Z,""62 km SSE of Gorontalo, Indonesia"",earthquake,6.68,1.815,0.049,40,reviewed,us,us"
"2023-09-09T14:43:24.563Z,0.0018,119.7663,13,6,mww,103,47,1.498,0.99,us,us7000kulj,2024-10-09T13:30:45.734Z,""101 km N of Palu, Indonesia"",earthquake,4.1,1.772,0.068,21,reviewed,us,us"
"2025-11-04T23:32:23.570Z,-0.1011,123.0628,120.323,5.9,mww,136,18,2.579,0.62,us,us6000rlim,2025-11-26T02:32:34.838Z,""70 km S of Gorontalo, Indonesia"",earthquake,7.81,3.926,0.048,41,reviewed,us,us"
"2025-05-03T12:51:43.462Z,0.5053,121.636,92,5.9,mww,155,19,1.045,0.94,us,us7000pwvy,2025-07-12T16:30:43.040Z,""158 km W of Gorontalo, Indonesia"",earthquake,5.77,1.921,0.045,48,reviewed,us,us"
"2025-08-16T22:38:52.030Z,-1.2749,120.7206,8,5.8,mww,107,21,1.327,1.09,us,us6000r1n3,2025-11-04T16:43:49.040Z,""13 km NNW of Poso, Indonesia"",earthquake,4.01,1.827,0.057,30,reviewed,us,us"
"2021-07-26T03:52:02.270Z,-0.6732,121.9049,9.75,5.8,mww,,16,0.94,1.41,us,us6000ez2l,2021-10-03T05:22:06.040Z,""102 km WNW of Luwuk, Indonesia"",earthquake,4.3,2.8,0.069,20,reviewed,us,us"
"2021-02-22T19:22:11.484Z,1.358,121.9096,25,5.8,mww,,37,1.154,1,us,us6000dk70,2021-05-04T14:16:23.040Z,""157 km NW of Gorontalo, Indonesia"",earthquake,3.5,1.8,0.059,28,reviewed,us,us"
"2021-08-26T02:14:22.070Z,-0.8389,121.5296,8,5.7,mww,,29,1.258,0.83,us,us7000f3zp,2022-08-08T15:55:16.029Z,""106 km NE of Poso, Indonesia"",earthquake,3.7,1.7,0.083,14,reviewed,us,us"
"2025-07-24T13:08:16.319Z,-2.0235,120.66,10,5.6,mww,47,68,0.634,0.66,us,us6000qulk,2025-10-11T20:57:07.040Z,""69 km NNE of Masamba, Indonesia"",earthquake,5.7,1.87,0.098,10,reviewed,us,us"
"2021-07-09T13:31:09.481Z,0.1413,123.6629,119.63,5.6,mww,,16,1.474,0.92,us,us6000etn1,2021-09-17T22:48:55.040Z,""79 km ESE of Gorontalo, Indonesia"",earthquake,6.3,2.9,0.044,49,reviewed,us,us"
"2022-06-07T13:24:13.974Z,0.1487,123.6638,131.78,5.6,mww,123,22,1.481,0.77,us,us7000hfjt,2022-08-13T21:52:42.040Z,""79 km ESE of Gorontalo, Indonesia"",earthquake,6.3,3.9,0.038,65,reviewed,us,us"
"2025-07-24T13:06:57.472Z,-1.9763,120.7566,10,5.5,mww,78,72,0.664,0.63,us,us6000qulb,2025-10-11T20:57:07.040Z,""64 km S of Poso, Indonesia"",earthquake,7.82,1.857,0.11,8,reviewed,us,us"
"2023-02-27T01:26:05.799Z,-1.614,120.2491,38.883,5.5,mww,206,23,2.585,0.68,us,us6000jrtm,2023-05-08T01:59:37.040Z,""60 km WSW of Poso, Indonesia"",earthquake,5.69,2.876,0.06,27,reviewed,us,us"
"2021-11-08T05:05:56.449Z,-0.5846,123.5502,10,5.4,mb,,23,0.901,0.84,us,us7000fsbt,2022-01-15T20:51:39.040Z,""Sulawesi, Indonesia"",earthquake,4.6,1.7,0.041,201,reviewed,us,us"
"2021-12-26T15:01:30.799Z,-0.0201,123.4601,107.55,5.4,mww,,28,1.226,0.89,us,us6000gffl,2022-03-05T23:10:42.040Z,""75 km SE of Gorontalo, Indonesia"",earthquake,5.7,4,0.047,43,reviewed,us,us"
"2025-01-28T14:53:34.578Z,0.4934,121.1903,99.753,5.4,mww,253,35,0.737,0.82,us,us6000pmsr,2025-04-08T22:01:02.040Z,""208 km W of Gorontalo, Indonesia"",earthquake,4.93,3.536,0.048,42,reviewed,us,us"
"2025-03-14T11:13:32.449Z,1.1243,120.2572,27.644,5.4,mww,187,34,0.524,0.86,us,us6000pysg,2025-05-17T19:19:58.040Z,""228 km N of Palu, Indonesia"",earthquake,5.72,3.681,0.062,25,reviewed,us,us"
"2023-08-06T10:09:22.344Z,-1.0804,120.281,10,5.3,mww,60,62,2.234,0.73,us,us6000ky96,2023-10-17T22:01:25.040Z,""49 km ESE of Palu, Indonesia"",earthquake,6.14,1.848,0.054,33,reviewed,us,us"
"2024-01-01T07:52:43.251Z,-0.1092,123.6177,81.212,5.3,mb,52,42,1.254,0.78,us,us6000m0xq,2024-03-09T21:38:18.040Z,""94 km SE of Gorontalo, Indonesia"",earthquake,6.07,6.013,0.07,69,reviewed,us,us"
"2021-07-19T00:55:43.821Z,0.0033,123.2252,159.24,5.3,mww,,36,1.132,0.93,us,us7000enan,2021-09-25T21:08:09.040Z,""61 km SSE of Gorontalo, Indonesia"",earthquake,6,3.9,0.069,20,reviewed,us,us"
"2021-06-08T05:00:32.301Z,0.4526,123.6478,196.83,5.3,mww,,30,1.723,0.93,us,us7000eb0g,2021-08-24T21:34:22.040Z,""65 km E of Gorontalo, Indonesia"",earthquake,6.6,4.8,0.056,31,reviewed,us,us"
"2024-05-13T00:28:13.427Z,0.9271,123.8264,274.091,5.3,mww,251,17,2.222,0.78,us,us6000my6q,2024-07-26T23:58:07.040Z,""85 km NW of Modisi, Indonesia"",earthquake,7.02,4.227,0.078,16,reviewed,us,us"
"2023-08-06T01:44:34.949Z,-1.1715,120.2762,10,5.2,mww,76,46,2.323,0.73,us,us6000ky6z,2023-10-17T22:01:25.040Z,""53 km ESE of Palu, Indonesia"",earthquake,6.63,1.806,0.058,29,reviewed,us,us"
"2023-04-06T00:32:02.291Z,-0.536,122.1838,10,5.2,mww,138,57,0.773,0.74,us,us6000k29k,2023-06-13T03:12:46.040Z,""81 km NW of Luwuk, Indonesia"",earthquake,5.87,1.744,0.071,19,reviewed,us,us"
"2022-07-17T12:58:36.202Z,-0.0306,123.0885,112.11,5.2,mww,103,25,1.053,0.81,us,us6000i38n,2022-09-27T16:56:57.040Z,""62 km S of Gorontalo, Indonesia"",earthquake,5.1,4.6,0.057,30,reviewed,us,us"
"2025-08-12T02:14:10.141Z,0.4341,123.2841,273.874,5.2,mww,181,17,1.553,0.63,us,us6000r00b,2025-10-25T13:40:41.040Z,""27 km ESE of Gorontalo, Indonesia"",earthquake,6.41,4.728,0.059,28,reviewed,us,us"
"2024-10-19T18:07:13.624Z,0.4909,119.9077,62.475,5.2,mww,200,17,1.069,0.62,us,us6000nzru,2024-12-26T23:03:42.040Z,""154 km N of Palu, Indonesia"",earthquake,5.64,4.382,0.078,16,reviewed,us,us"
"2021-01-11T01:57:27.321Z,1.0276,119.9894,9.85,5.2,mww,,48,0.796,0.7,us,us6000d7cd,2022-08-09T02:23:59.400Z,""214 km N of Palu, Indonesia"",earthquake,5.1,3.7,0.071,19,reviewed,us,us"
"2021-11-06T03:56:19.460Z,-1.3117,120.6152,10,5.1,mww,,35,2.172,1,us,us7000frwy,2022-01-15T20:51:35.040Z,""17 km WNW of Poso, Indonesia"",earthquake,4.9,1.8,0.069,20,reviewed,us,us"
"2022-05-12T07:22:11.773Z,-0.0355,123.3797,128.76,5.1,mww,122,44,1.169,0.68,us,us6000hki3,2022-07-22T18:30:51.040Z,""72 km SSE of Gorontalo, Indonesia"",earthquake,6.6,5.1,0.057,30,reviewed,us,us"
"2022-09-07T18:11:39.945Z,0.0294,123.7649,141.792,5.1,mb,118,28,1.455,0.82,us,us6000ihx9,2022-11-15T19:05:46.040Z,""96 km SE of Gorontalo, Indonesia"",earthquake,5.89,2.528,0.044,177,reviewed,us,us"
"2021-05-29T01:25:14.219Z,1.019,120.0848,17.42,5.1,mww,,21,0.702,0.88,us,us6000efq7,2021-08-07T22:05:53.040Z,""214 km N of Palu, Indonesia"",earthquake,4.8,3.3,0.086,13,reviewed,us,us"
"2021-09-15T00:49:49.223Z,1.1565,122.1166,46.37,5.1,mww,,32,1.335,1.18,us,us7000fb83,2021-11-23T15:12:12.040Z,""125 km WNW of Gorontalo, Indonesia"",earthquake,5.9,4.9,0.093,11,reviewed,us,us"
"2021-02-14T09:44:50.052Z,1.2428,120.2829,49.29,5.1,mb,,70,0.515,0.76,us,us6000dhkm,2021-04-23T21:04:33.040Z,""242 km N of Palu, Indonesia"",earthquake,6.4,6.8,0.072,63,reviewed,us,us"
"2025-10-28T01:31:20.938Z,1.2494,121.784,26.445,5.1,mww,146,65,1.011,0.6,us,us6000rju9,2025-11-19T06:00:52.040Z,""162 km WNW of Gorontalo, Indonesia"",earthquake,6.3,4.042,0.086,13,reviewed,us,us"
"2025-07-14T12:52:18.542Z,-2.0582,120.7279,10,5,mww,88,60,0.607,1.47,us,us7000qcky,2025-11-28T21:12:31.243Z,""70 km NE of Masamba, Indonesia"",earthquake,4.58,1.834,0.073,18,reviewed,us,us"
"2025-09-02T23:53:12.343Z,-0.93,120.3686,10,5,mww,62,68,1.597,0.8,us,us7000qtdt,2025-11-19T21:59:51.040Z,""55 km E of Palu, Indonesia"",earthquake,6.14,1.815,0.11,8,reviewed,us,us"
"2025-07-19T06:53:41.553Z,-0.6856,123.1922,10,5,mww,126,32,2.681,1.03,us,us7000qdrz,2025-10-03T18:42:50.040Z,""53 km ENE of Luwuk, Indonesia"",earthquake,5.91,1.848,0.11,8,reviewed,us,us"
"2023-08-12T13:20:17.303Z,-0.6518,121.2134,18.433,5,mww,66,61,1.606,1.07,us,us6000kzjx,2023-10-17T22:01:31.040Z,""96 km NNE of Poso, Indonesia"",earthquake,5.67,3.537,0.073,18,reviewed,us,us"
"2023-03-28T04:19:09.671Z,-0.3747,123.5348,75.11,5,mww,96,32,1.011,0.83,us,us6000k08q,2023-06-03T22:06:02.040Z,""104 km NE of Luwuk, Indonesia"",earthquake,6.05,3.099,0.078,16,reviewed,us,us"
"2021-05-05T18:13:32.345Z,-0.1296,123.0573,112.76,5,mb,,46,0.95,1.1,us,us7000e0eb,2021-07-10T20:15:33.040Z,""73 km S of Gorontalo, Indonesia"",earthquake,6.2,4.4,0.048,136,reviewed,us,us"
"2025-07-31T22:13:24.474Z,-0.1296,123.1429,125.43,5,mb,99,30,0.979,0.92,us,us6000qx3x,2025-10-17T22:51:42.040Z,""74 km S of Gorontalo, Indonesia"",earthquake,6.29,5.244,0.039,209,reviewed,us,us"
"2022-12-02T08:55:14.868Z,-0.0397,123.2458,153.6,5,mb,102,44,1.103,0.6,us,us6000j696,2024-01-18T17:30:20.644Z,""67 km SSE of Gorontalo, Indonesia"",earthquake,6.23,4.108,0.064,79,reviewed,us,us"
"2021-12-10T18:39:18.505Z,-0.0345,122.9795,149.56,5,mww,,25,1.021,0.96,us,us6000gb9b,2022-02-24T20:59:42.040Z,""63 km S of Gorontalo, Indonesia"",earthquake,6.9,4,0.068,21,reviewed,us,us"
"2022-12-06T08:01:30.669Z,0.0066,123.2081,166.15,5,mb,83,29,2.663,0.83,us,us6000j79p,2023-02-11T23:03:10.040Z,""60 km SSE of Gorontalo, Indonesia"",earthquake,6.85,5.423,0.053,116,reviewed,us,us"
"2021-01-27T04:19:56.888Z,0.0083,123.4695,137.17,5,mb,,34,1.254,0.86,us,us7000d3kp,2021-04-13T17:04:13.040Z,""74 km SE of Gorontalo, Indonesia"",earthquake,6.4,4.9,0.061,86,reviewed,us,us"
"2022-10-17T13:12:46.076Z,0.0157,123.4561,140.893,5,mww,82,46,1.254,0.58,us,us6000iuaa,2022-12-31T23:03:36.040Z,""72 km SE of Gorontalo, Indonesia"",earthquake,6.69,3.061,0.098,10,reviewed,us,us"
"2021-12-31T05:53:42.198Z,0.0488,120.4338,106.77,5,mww,,48,1.111,1.06,us,us7000g84h,2022-03-05T23:10:59.040Z,""122 km NNE of Palu, Indonesia"",earthquake,6.4,5.7,0.098,10,reviewed,us,us"
"2024-05-22T05:49:12.684Z,0.1267,123.6754,127.916,5,mww,131,13,1.471,0.9,us,us6000n07e,2024-08-06T02:09:39.040Z,""81 km ESE of Gorontalo, Indonesia"",earthquake,6.42,4.375,0.071,19,reviewed,us,us"
"2022-09-23T09:50:16.584Z,0.1761,123.5657,168.865,5,mb,132,46,1.447,0.64,us,us7000iae6,2022-11-26T20:57:55.040Z,""68 km SE of Gorontalo, Indonesia"",earthquake,7.37,5.811,0.045,157,reviewed,us,us"
"2023-10-09T03:50:48.861Z,0.3711,122.1918,137.358,5,mww,119,33,1.519,0.84,us,us6000le5w,2023-12-16T22:13:06.040Z,""98 km W of Gorontalo, Indonesia"",earthquake,6.4,4.014,0.078,16,reviewed,us,us"
"2024-10-01T07:10:38.542Z,0.4813,122.3155,122.886,5,mb,91,36,1.58,0.45,us,us7000nhe1,2024-12-14T14:50:52.040Z,""83 km W of Gorontalo, Indonesia"",earthquake,7.06,4.861,0.064,77,reviewed,us,us"
"2024-01-07T10:38:21.532Z,-1.8154,122.5443,10,4.9,mb,51,34,0.801,0.81,us,us6000m2bs,2024-03-09T21:39:56.040Z,""99 km SSW of Luwuk, Indonesia"",earthquake,4.17,1.837,0.098,33,reviewed,us,us"
"2024-01-18T17:36:15.509Z,-1.0938,121.5194,10,4.9,mww,75,45,1.253,0.62,us,us6000m4h5,2024-03-29T17:37:53.040Z,""91 km ENE of Poso, Indonesia"",earthquake,5.7,1.847,0.075,17,reviewed,us,us"
"2022-10-20T22:59:07.930Z,-0.8263,121.5723,11.03,4.9,mb,75,47,1.218,0.68,us,us6000ivdu,2022-12-31T23:03:45.040Z,""110 km NE of Poso, Indonesia"",earthquake,4.94,1.302,0.081,48,reviewed,us,us"
"2023-06-30T10:37:30.715Z,-0.5743,122.4631,10,4.9,mb,78,61,2.373,0.54,us,us6000kp1y,2023-09-08T14:18:29.040Z,""55 km NW of Luwuk, Indonesia"",earthquake,6.79,1.476,0.078,54,reviewed,us,us"
"2024-03-23T23:47:12.495Z,-0.1493,123.0219,116.455,4.9,mb,143,43,0.921,0.9,us,us6000mkv6,2024-05-27T14:19:23.040Z,""76 km S of Gorontalo, Indonesia"",earthquake,7.89,5.59,0.052,116,reviewed,us,us"
"2025-03-17T03:19:14.529Z,-0.0879,123.0167,118.771,4.9,mb,136,41,0.979,0.61,us,us6000pz99,2025-05-17T19:19:59.040Z,""69 km S of Gorontalo, Indonesia"",earthquake,4.92,6.289,0.051,122,reviewed,us,us"
"2025-05-05T22:57:34.175Z,-0.0691,123.7134,130.965,4.9,mww,127,18,1.349,0.79,us,us7000pxdu,2025-07-12T16:30:46.040Z,""98 km SE of Gorontalo, Indonesia"",earthquake,6.2,4.523,0.089,12,reviewed,us,us"
"2023-10-31T17:37:21.913Z,-0.0156,123.7355,130.882,4.9,mb,128,31,1.403,0.92,us,us7000l7w4,2024-01-10T06:01:26.040Z,""93 km WSW of Modisi, Indonesia"",earthquake,6.23,4.461,0.043,178,reviewed,us,us"
"2024-08-01T00:00:07.126Z,0.014,123.1947,143.889,4.9,mww,231,26,2.647,0.7,us,us6000nh8l,2024-10-11T19:39:07.040Z,""59 km SSE of Gorontalo, Indonesia"",earthquake,6.48,3.174,0.103,9,reviewed,us,us"
"2024-04-04T06:39:52.091Z,0.029,123.3349,142.442,4.9,mb,105,47,1.203,0.83,us,us7000m9tu,2024-06-12T21:51:53.040Z,""63 km SSE of Gorontalo, Indonesia"",earthquake,6.74,4.9,0.06,87,reviewed,us,us"
"2025-07-21T04:50:28.587Z,0.0302,123.2062,159.926,4.9,mb,120,45,2.154,0.72,us,us7000qe70,2025-10-03T18:43:09.040Z,""58 km SSE of Gorontalo, Indonesia"",earthquake,6.73,6.704,0.05,125,reviewed,us,us"
"2021-02-22T17:26:15.769Z,0.0771,123.528,136.5,4.9,mb,,36,1.344,1.23,us,us6000dk44,2021-05-04T14:16:21.040Z,""72 km SE of Gorontalo, Indonesia"",earthquake,7.4,6,0.051,120,reviewed,us,us"
"2025-02-20T10:03:58.803Z,0.3856,122.0085,150.956,4.9,mb,64,76,1.423,0.92,us,us7000pex6,2025-05-06T21:39:16.040Z,""118 km W of Gorontalo, Indonesia"",earthquake,5.87,7.007,0.068,67,reviewed,us,us"
"2021-10-25T02:30:47.375Z,0.5444,123.5277,247.4,4.9,mb,,39,1.747,1.11,us,us6000fxb2,2022-01-08T17:42:24.040Z,""51 km E of Gorontalo, Indonesia"",earthquake,7,5.1,0.04,198,reviewed,us,us"
"2022-05-16T10:13:47.898Z,0.6246,122.154,95.41,4.9,mb,67,60,1.454,0.98,us,us6000hlfk,2022-07-24T02:39:04.040Z,""101 km W of Gorontalo, Indonesia"",earthquake,5.5,2.7,0.078,51,reviewed,us,us"
"2023-08-10T06:14:43.901Z,0.7372,121.4877,87.663,4.9,mb,47,56,0.798,0.59,us,us6000kz0m,2023-10-17T22:01:29.040Z,""176 km W of Gorontalo, Indonesia"",earthquake,7.17,6.563,0.076,55,reviewed,us,us"
"2023-08-26T22:45:29.540Z,0.886,121.9616,77.693,4.9,mb,101,31,1.201,0.54,us,us7000kr8m,2023-10-28T19:15:39.040Z,""Minahasa, Sulawesi, Indonesia"",earthquake,7.15,5.77,0.057,96,reviewed,us,us"
"2024-11-09T02:53:38.075Z,0.9901,121.1379,57.398,4.9,mb,63,57,0.376,0.97,us,us7000nqtx,2025-01-24T19:51:26.040Z,""219 km WNW of Gorontalo, Indonesia"",earthquake,9.29,5.283,0.07,66,reviewed,us,us"
"2021-03-24T21:23:03.606Z,1.1027,120.9127,569.34,4.9,mb,,53,0.131,0.78,us,us6000dw6i,2021-06-02T15:22:41.040Z,""247 km WNW of Gorontalo, Indonesia"",earthquake,9.2,3.2,0.053,111,reviewed,us,us"
"2022-11-12T11:01:41.672Z,1.2541,123.1887,33.917,4.9,mb,56,71,2.318,0.57,us,us7000ipa5,2023-01-28T19:58:09.040Z,""Minahasa, Sulawesi, Indonesia"",earthquake,4.07,5.288,0.082,47,reviewed,us,us"
"2022-06-02T17:31:26.745Z,-2.1391,120.4875,10,4.8,mb,65,88,2.948,1.12,us,us7000hefa,2022-08-06T22:13:19.040Z,""87 km SSW of Poso, Indonesia"",earthquake,6.6,1.8,0.078,50,reviewed,us,us"
"2021-09-16T07:59:23.119Z,-1.2174,120.5922,10,4.8,mb,,58,2.186,0.5,us,us7000fbr3,2021-11-23T15:13:02.040Z,""26 km NW of Poso, Indonesia"",earthquake,3.7,1.9,0.078,51,reviewed,us,us"
"2023-05-21T17:31:05.777Z,-1.0883,120.3466,49.159,4.8,mb,58,68,3.441,0.69,us,us6000kdq2,2023-07-29T22:00:26.040Z,""56 km NW of Poso, Indonesia"",earthquake,8.35,6.171,0.089,39,reviewed,us,us"
"2023-08-06T10:16:25.376Z,-1.0339,120.4428,10,4.8,mb,59,51,2.158,0.38,us,us6000ky97,2023-10-17T22:01:25.040Z,""52 km NW of Poso, Indonesia"",earthquake,6.2,1.857,0.086,42,reviewed,us,us"
"2021-08-02T04:41:23.742Z,-0.6027,122.0124,10,4.8,mb,,65,0.875,0.89,us,us6000f1eb,2021-10-14T01:05:24.040Z,""94 km WNW of Luwuk, Indonesia"",earthquake,6.1,1.8,0.095,34,reviewed,us,us"
"2025-07-09T05:27:33.211Z,-0.1578,122.8574,158.128,4.8,mb,79,22,0.882,0.83,us,us7000qbie,2025-09-20T22:27:44.040Z,""80 km SSW of Gorontalo, Indonesia"",earthquake,6.51,5.247,0.064,76,reviewed,us,us"
"2024-11-22T15:22:03.056Z,-0.0408,123.9169,100.713,4.8,mb,37,61,1.517,0.69,us,us6000p6zn,2025-01-30T17:00:32.040Z,""79 km SW of Modisi, Indonesia"",earthquake,8.25,9.232,0.109,26,reviewed,us,us"
"2022-04-09T20:00:03.963Z,-0.038,123.6812,129.32,4.8,mb,,40,1.349,0.83,us,us7000h0ya,2022-06-20T22:07:36.040Z,""93 km SE of Gorontalo, Indonesia"",earthquake,6.4,5.2,0.05,127,reviewed,us,us"
"2023-06-11T01:42:28.899Z,-0.0302,123.0761,153.835,4.8,mb,71,52,1.05,1.01,us,us7000k7qq,2023-08-21T04:18:37.040Z,""62 km S of Gorontalo, Indonesia"",earthquake,5.47,4.985,0.06,87,reviewed,us,us"
"2021-07-18T10:40:01.482Z,-0.0056,123.8082,105.07,4.8,mb,,43,1.46,0.71,us,us7000en55,2021-09-25T21:08:05.040Z,""102 km SE of Gorontalo, Indonesia"",earthquake,5.7,6.5,0.065,74,reviewed,us,us"
"2021-01-19T00:56:44.225Z,-0.0023,120.0833,79.29,4.8,mb,,59,2.879,0.79,us,us7000d18h,2021-03-27T21:05:23.040Z,""102 km NNE of Palu, Indonesia"",earthquake,7.9,6.3,0.071,62,reviewed,us,us"
"2022-06-16T09:15:06.280Z,0.0136,123.3297,133.91,4.8,mb,71,47,1.187,0.96,us,us7000hhr8,2022-08-21T00:17:52.040Z,""65 km SSE of Gorontalo, Indonesia"",earthquake,6,5.7,0.051,119,reviewed,us,us"
"2022-04-17T20:37:18.484Z,0.0565,123.7063,118.3,4.8,mb,,52,1.436,1.01,us,us7000h2yi,2022-06-26T01:19:00.040Z,""89 km SE of Gorontalo, Indonesia"",earthquake,4.1,6.1,0.055,103,reviewed,us,us"
"2022-08-29T10:58:37.359Z,0.07,123.8441,103.906,4.8,mb,50,33,1.539,0.75,us,us7000i3bt,2022-11-06T04:38:09.040Z,""101 km ESE of Gorontalo, Indonesia"",earthquake,6.44,5.433,0.09,38,reviewed,us,us"
"2024-04-24T17:01:01.199Z,0.1939,122.5476,165.994,4.8,mww,107,31,1.248,0.7,us,us6000mthj,2024-07-02T22:12:20.040Z,""68 km WSW of Gorontalo, Indonesia"",earthquake,7.16,4.577,0.083,14,reviewed,us,us"
"2023-08-18T04:33:49.981Z,0.2594,121.926,194.594,4.8,mb,82,47,1.423,0.93,us,us7000kp5v,2023-10-27T21:39:03.040Z,""Minahasa, Sulawesi, Indonesia"",earthquake,6.94,1.83,0.068,68,reviewed,us,us"
"2022-01-09T02:35:45.944Z,0.3375,122.0772,199.18,4.8,mb,,45,1.536,1.2,us,us7000gaaa,2022-03-19T22:07:30.040Z,""111 km WSW of Gorontalo, Indonesia"",earthquake,7,4.9,0.072,61,reviewed,us,us"
"2022-02-06T21:31:19.926Z,0.3452,122.4231,126.02,4.8,mb,,51,1.421,0.91,us,us7000gij9,2022-04-19T17:38:51.040Z,""74 km WSW of Gorontalo, Indonesia"",earthquake,4.9,4.8,0.065,72,reviewed,us,us"
"2025-11-29T15:23:05.928Z,0.3694,122.0306,176.614,4.8,mb,27,80,1.45,0.84,us,us7000relx,2025-11-29T15:35:48.040Z,""116 km W of Gorontalo, Indonesia"",earthquake,6.85,8.882,0.116,23,reviewed,us,us"
"2025-11-20T00:15:35.929Z,0.6368,120.4607,17.247,4.8,mb,56,97,0.57,0.77,us,us6000rp94,2025-11-20T00:51:42.040Z,""183 km NNE of Palu, Indonesia"",earthquake,4.96,4.818,0.083,45,reviewed,us,us"
"2022-04-20T10:21:48.315Z,-1.8324,122.5521,10,4.7,mb,,56,0.815,0.79,us,us7000h3it,2022-06-26T01:20:01.040Z,""100 km SSW of Luwuk, Indonesia"",earthquake,4,1.9,0.129,18,reviewed,us,us"
"2023-05-21T20:54:34.757Z,-1.0993,120.3773,36.481,4.7,mb,56,80,3.472,0.84,us,us6000kdri,2023-07-29T22:00:26.040Z,""53 km NW of Poso, Indonesia"",earthquake,9.35,6.59,0.082,45,reviewed,us,us"
"2023-08-06T04:33:26.111Z,-1.0937,120.3249,10,4.7,mb,40,81,2.237,0.87,us,us6000l02z,2023-10-17T22:01:25.040Z,""54 km ESE of Palu, Indonesia"",earthquake,4.38,1.876,0.11,27,reviewed,us,us"
"2025-05-31T18:41:50.610Z,-1.0712,119.766,45.354,4.7,mb,62,52,1.543,0.76,us,us6000qh48,2025-08-16T21:54:12.040Z,""21 km SSW of Palu, Indonesia"",earthquake,4.6,7.923,0.081,46,reviewed,us,us"
"2022-02-01T06:06:39.226Z,-0.7594,122.3155,10,4.7,mb,,52,0.535,0.81,us,us7000giv6,2022-04-15T17:57:23.040Z,""56 km WNW of Luwuk, Indonesia"",earthquake,3.6,1.9,0.11,25,reviewed,us,us"
"2021-07-26T17:10:10.773Z,-0.6714,121.9339,10,4.7,mb,,68,0.914,0.9,us,us6000ez92,2021-10-03T05:22:15.040Z,""99 km WNW of Luwuk, Indonesia"",earthquake,6,1.9,0.11,29,reviewed,us,us"
"2025-06-08T03:46:33.801Z,-0.5737,121.8989,10,4.7,mb,28,68,0.989,0.76,us,us6000qivz,2025-08-20T16:08:58.040Z,""107 km WNW of Luwuk, Indonesia"",earthquake,6.12,1.922,0.12,21,reviewed,us,us"
"2024-06-27T03:46:36.257Z,-0.3864,123.237,52.135,4.7,mb,60,46,2.871,1.06,us,us6000n8jl,2024-09-04T21:57:42.040Z,""80 km NE of Luwuk, Indonesia"",earthquake,6.71,5.49,0.079,49,reviewed,us,us"
"2022-06-10T12:08:01.796Z,-0.1738,122.8943,87.38,4.7,mb,72,50,0.87,0.6,us,us7000hgga,2022-08-13T21:51:51.040Z,""80 km SSW of Gorontalo, Indonesia"",earthquake,6.6,7.1,0.069,63,reviewed,us,us"
"2021-03-13T14:29:15.853Z,-0.0029,123.2977,138.4,4.7,mb,,76,1.158,1.12,us,us7000dj3w,2021-05-26T22:06:43.040Z,""65 km SSE of Gorontalo, Indonesia"",earthquake,7.8,6.1,0.072,58,reviewed,us,us"
"2023-04-20T07:46:29.427Z,0.1413,123.574,147.691,4.7,mb,109,39,1.423,0.76,us,us6000k5pb,2023-07-03T02:47:02.040Z,""71 km SE of Gorontalo, Indonesia"",earthquake,6.95,3.686,0.041,181,reviewed,us,us"
"2021-09-02T03:12:27.685Z,0.3313,122.0692,182.94,4.7,mb,,98,1.502,0.57,us,us7000f9rk,2021-11-06T20:28:30.040Z,""112 km WSW of Gorontalo, Indonesia"",earthquake,10.5,5.4,0.167,11,reviewed,us,us"
"2022-12-09T00:32:26.024Z,0.3988,122.2117,118.012,4.7,mb,69,38,1.537,0.4,us,us6000j820,2023-02-11T23:03:18.040Z,""95 km W of Gorontalo, Indonesia"",earthquake,6.9,5.92,0.082,45,reviewed,us,us"
"2023-02-14T06:02:19.969Z,0.4766,121.0268,100.759,4.7,mww,86,76,0.676,0.66,us,us6000jnq0,2023-04-22T21:33:07.040Z,""200 km NE of Palu, Indonesia"",earthquake,5.29,5.349,0.098,10,reviewed,us,us"
"2025-04-03T13:42:18.894Z,0.5752,121.5747,93.775,4.7,mb,65,31,0.955,0.53,us,us6000q3nm,2025-06-09T13:38:39.040Z,""165 km W of Gorontalo, Indonesia"",earthquake,5.96,6.052,0.07,62,reviewed,us,us"
"2024-02-05T10:25:17.032Z,0.7128,121.2997,84.952,4.7,mb,52,64,0.652,0.92,us,us7000lx20,2024-04-20T19:32:59.040Z,""197 km W of Gorontalo, Indonesia"",earthquake,5.96,5.916,0.083,44,reviewed,us,us"
"2024-04-22T11:18:47.723Z,0.7313,123.8229,265.51,4.7,mb,90,36,2.051,0.74,us,us7000mdtv,2024-07-02T22:12:25.040Z,""74 km WNW of Modisi, Indonesia"",earthquake,5.66,4.712,0.048,14,reviewed,us,us"
"2023-11-18T18:42:19.302Z,0.82,119.4683,24.577,4.7,mb,53,53,1.345,0.64,us,us6000lpcn,2024-01-26T16:37:52.040Z,""196 km NNW of Palu, Indonesia"",earthquake,6.69,5.241,0.089,43,reviewed,us,us"
"2023-12-21T21:11:02.972Z,1.2821,123.142,70.02,4.7,mb,36,73,2.338,0.37,us,us7000lkqw,2024-02-27T22:57:04.040Z,""82 km N of Gorontalo, Indonesia"",earthquake,5.95,8.413,0.112,24,reviewed,us,us"
"2025-07-24T13:13:44.789Z,-2.1428,120.7358,10,4.6,mb,29,62,0.533,0.8,us,us6000qyv5,2025-10-11T20:57:42.040Z,""64 km NE of Masamba, Indonesia"",earthquake,6.02,1.93,0.125,22,reviewed,us,us"
"2025-08-15T02:28:37.923Z,-2.095,120.684,10,4.6,mb,40,61,0.594,1.15,us,us6000r0w7,2025-11-04T16:43:41.040Z,""64 km NE of Masamba, Indonesia"",earthquake,2.48,1.872,0.109,26,reviewed,us,us"
"2023-03-03T07:02:31.555Z,-1.7176,120.0864,39.789,4.6,mb,30,112,2.767,0.78,us,us7000jgzk,2023-05-08T02:00:32.040Z,""82 km WSW of Poso, Indonesia"",earthquake,8.48,7.708,0.126,19,reviewed,us,us"
"2021-05-01T09:21:58.255Z,-1.5462,120.2745,10,4.6,mb,,89,2.546,0.54,us,us7000dz81,2021-07-10T20:14:49.040Z,""55 km WSW of Poso, Indonesia"",earthquake,6.4,1.8,0.113,24,reviewed,us,us"
"2024-01-18T18:02:59.372Z,-1.1211,121.5279,10,4.6,mb,56,69,1.246,0.51,us,us6000m4hz,2024-03-29T17:37:53.040Z,""91 km ENE of Poso, Indonesia"",earthquake,5.48,1.789,0.081,45,reviewed,us,us"
"2024-07-02T22:07:26.165Z,-0.6616,122.6595,10,4.6,mb,45,52,2.574,1.1,us,us6000n9x1,2024-09-12T21:52:26.040Z,""35 km NNW of Luwuk, Indonesia"",earthquake,6.93,1.866,0.099,30,reviewed,us,us"
"2024-12-26T14:57:28.231Z,-0.4362,123.4462,62.86,4.6,mb,42,69,0.904,0.97,us,us6000pfqg,2025-03-08T22:39:10.040Z,""92 km NE of Luwuk, Indonesia"",earthquake,6.62,8.751,0.099,30,reviewed,us,us"
"2023-02-06T07:42:22.683Z,-0.3604,123.1891,10,4.6,mb,59,46,2.816,0.5,us,us6000jlpj,2023-04-15T21:39:35.040Z,""79 km NE of Luwuk, Indonesia"",earthquake,7.02,1.855,0.085,41,reviewed,us,us"
"2025-03-18T19:17:58.930Z,-0.261,122.991,90.677,4.6,mb,79,29,0.806,0.77,us,us6000pzmn,2025-05-17T19:20:01.040Z,""79 km NNE of Luwuk, Indonesia"",earthquake,5.16,6.819,0.075,53,reviewed,us,us"
"2023-02-02T09:30:24.579Z,-0.2592,123.7721,91.751,4.6,mb,36,62,1.267,1.23,us,us6000jmry,2023-04-13T21:53:29.040Z,""Sulawesi, Indonesia"",earthquake,6.25,7.615,0.146,17,reviewed,us,us"
"2024-06-02T13:58:01.394Z,-0.2229,122.4956,10,4.6,mb,32,91,2.166,0.85,us,us7000mqzz,2024-08-06T20:32:52.040Z,""86 km NNW of Luwuk, Indonesia"",earthquake,8.2,1.882,0.107,26,reviewed,us,us"
"2022-07-20T05:31:35.601Z,-0.1477,122.8355,92.814,4.6,mb,65,35,0.89,1.05,us,us7000hs1j,2022-09-27T16:57:09.040Z,""79 km SSW of Gorontalo, Indonesia"",earthquake,5.28,5.134,0.068,64,reviewed,us,us"
"2021-11-23T19:59:41.935Z,-0.0837,123.9148,101.07,4.6,mb,,36,1.487,1,us,us7000fwj0,2022-01-29T22:55:34.040Z,""117 km SE of Gorontalo, Indonesia"",earthquake,5.8,5.5,0.069,71,reviewed,us,us"
"2024-07-16T07:38:11.780Z,-0.0716,122.2244,243.744,4.6,mb,29,102,1.86,0.53,us,us7000mzhu,2024-09-28T22:41:57.040Z,""115 km SW of Gorontalo, Indonesia"",earthquake,10.52,9.72,0.111,24,reviewed,us,us"
"2022-02-16T02:46:49.453Z,-0.0354,123.9463,96.44,4.6,mb,,54,1.542,0.81,us,us7000gl71,2022-04-30T14:18:17.040Z,""117 km ESE of Gorontalo, Indonesia"",earthquake,7.3,5.5,0.125,19,reviewed,us,us"
"2021-07-11T02:16:31.198Z,0.0131,123.317,129.92,4.6,mb,,49,1.181,1.21,us,us6000eu9t,2021-09-17T22:49:31.040Z,""64 km SSE of Gorontalo, Indonesia"",earthquake,6.5,2.6,0.095,35,reviewed,us,us"
"2022-03-03T04:20:55.234Z,0.0199,123.6145,156.2,4.6,mb,,56,1.35,0.66,us,us6000h1mj,2022-05-07T21:32:44.040Z,""83 km SE of Gorontalo, Indonesia"",earthquake,6.4,8.8,0.125,19,reviewed,us,us"
"2022-09-07T20:11:12.186Z,0.0276,123.1881,159.254,4.6,mb,69,67,1.141,0.85,us,us6000ihz2,2022-11-15T19:05:46.040Z,""58 km SSE of Gorontalo, Indonesia"",earthquake,8.24,2.991,0.064,73,reviewed,us,us"
"2024-08-22T04:43:13.130Z,0.0614,123.7266,131.668,4.6,mb,34,109,3.124,0.98,us,us7000n8pi,2024-11-02T21:28:44.040Z,""90 km WSW of Modisi, Indonesia"",earthquake,9.55,7.531,0.109,25,reviewed,us,us"
"2024-03-26T13:31:56.864Z,0.1915,123.7769,132.285,4.6,mb,121,28,1.585,0.72,us,us7000m82y,2024-06-01T21:55:47.040Z,""78 km WSW of Modisi, Indonesia"",earthquake,6.35,5.425,0.049,131,reviewed,us,us"
"2021-03-14T15:08:59.769Z,0.1938,123.4976,160.59,4.6,mb,,48,1.425,0.64,us,us7000djb5,2021-05-26T22:07:14.040Z,""61 km SE of Gorontalo, Indonesia"",earthquake,7.4,6.7,0.073,56,reviewed,us,us"
"2025-08-04T06:00:32.566Z,0.2614,122.0062,164.366,4.6,mb,78,41,1.487,0.64,us,us6000qy07,2025-10-17T22:51:42.040Z,""121 km WSW of Gorontalo, Indonesia"",earthquake,5.17,6.087,0.073,57,reviewed,us,us"
"2024-12-28T21:55:08.881Z,0.2717,122.0891,141.554,4.6,mb,63,97,1.472,0.91,us,us6000pg76,2025-03-08T22:39:11.040Z,""112 km WSW of Gorontalo, Indonesia"",earthquake,8.46,5.386,0.073,58,reviewed,us,us"
"2022-08-03T09:39:58.663Z,0.2913,122.027,187.04,4.6,mb,58,55,1.488,0.73,us,us6000i7q4,2022-10-12T14:50:12.040Z,""118 km WSW of Gorontalo, Indonesia"",earthquake,7.83,6.471,0.086,40,reviewed,us,us"
"2022-10-30T11:08:52.824Z,0.3198,121.5564,206.271,4.6,mb,59,58,1.104,0.56,us,us7000ilbc,2023-01-12T23:10:37.040Z,""169 km W of Gorontalo, Indonesia"",earthquake,8.06,6.497,0.081,45,reviewed,us,us"
"2023-12-25T06:30:49.199Z,0.3607,123.1898,230.316,4.6,mb,92,86,1.455,0.83,us,us7000llc0,2024-03-02T21:39:39.040Z,""24 km SE of Gorontalo, Indonesia"",earthquake,8.43,2.078,0.063,76,reviewed,us,us"
"2024-10-20T05:24:49.031Z,0.3682,121.0182,107.402,4.6,mb,26,136,0.775,1.14,us,us6000nzu9,2024-12-26T23:03:38.040Z,""190 km NE of Palu, Indonesia"",earthquake,6.76,6.792,0.125,19,reviewed,us,us"
"2022-12-08T14:51:11.281Z,0.3829,123.884,205.302,4.6,mb,45,64,1.8,0.85,us,us6000j7x0,2023-02-11T23:03:16.040Z,""93 km E of Gorontalo, Indonesia"",earthquake,9.09,6.866,0.082,44,reviewed,us,us"
"2023-02-18T21:18:34.635Z,0.5305,119.579,10,4.6,mb,76,51,1.334,0.71,us,us6000jpzm,2023-04-22T21:33:20.040Z,""162 km NNW of Palu, Indonesia"",earthquake,7.18,1.842,0.07,62,reviewed,us,us"
"2024-04-27T05:07:08.359Z,0.5368,122.3026,111.821,4.6,mb,61,58,1.624,0.74,us,us6000mu7q,2024-07-02T22:12:26.040Z,""84 km W of Gorontalo, Indonesia"",earthquake,7.3,6.961,0.08,47,reviewed,us,us"
"2022-05-09T20:54:11.298Z,0.5985,122.1405,98.32,4.6,mb,83,41,1.45,0.96,us,us7000h86l,2022-07-22T18:31:09.040Z,""102 km W of Gorontalo, Indonesia"",earthquake,6.7,5.3,0.069,63,reviewed,us,us"
"2025-04-08T04:35:39.353Z,0.6606,123.7926,261.034,4.6,mb,113,34,1.305,0.67,us,us6000q4pf,2025-06-09T13:38:44.040Z,""75 km WNW of Modisi, Indonesia"",earthquake,6.49,6.109,0.056,97,reviewed,us,us"
"2025-12-04T13:34:42.020Z,0.7554,123.8628,251.67,4.6,mb,29,91,3.101,0.57,us,us7000rfik,2025-12-04T15:33:53.040Z,""72 km WNW of Modisi, Indonesia"",earthquake,9.53,11.274,0.111,24,reviewed,us,us"
"2023-12-09T23:27:31.047Z,1.0045,120.7906,576.502,4.6,mb,112,48,0.106,0.74,us,us7000lhtx,2024-02-10T23:47:47.040Z,""234 km NNE of Palu, Indonesia"",earthquake,10.43,6.636,0.061,81,reviewed,us,us"
"2021-10-09T05:38:20.459Z,1.1792,121.2694,57.81,4.6,mb,,65,0.492,0.77,us,us6000fujc,2021-12-18T19:58:41.040Z,""211 km WNW of Gorontalo, Indonesia"",earthquake,7.1,7.3,0.126,19,reviewed,us,us"
"2025-01-27T22:41:47.567Z,1.3315,121.828,35,4.6,mb,34,101,1.069,0.8,us,us6000pmnt,2025-04-08T22:01:02.040Z,""163 km WNW of Gorontalo, Indonesia"",earthquake,7.41,1.934,0.107,26,reviewed,us,us"
"2025-05-13T16:54:23.132Z,-1.6795,120.842,13.442,4.5,mb,25,64,0.913,1.12,us,us6000qgfr,2025-07-24T21:30:10.040Z,""32 km SSE of Poso, Indonesia"",earthquake,3.8,5.008,0.163,13,reviewed,us,us"
"2025-06-05T23:31:24.968Z,-1.6753,123.8813,10,4.5,mb,31,57,1.275,1.36,us,us6000qib4,2025-08-20T16:08:56.040Z,""145 km ESE of Luwuk, Indonesia"",earthquake,6.02,1.913,0.14,15,reviewed,us,us"
"2021-10-07T23:02:49.951Z,-1.6624,120.2302,10,4.5,mb,,67,2.614,0.87,us,us6000fu1h,2021-12-10T21:14:25.040Z,""65 km WSW of Poso, Indonesia"",earthquake,6.1,1.9,0.136,16,reviewed,us,us"
"2021-04-30T19:50:46.998Z,-1.54,120.2267,18.97,4.5,mb,,73,2.592,0.87,us,us7000e0r4,2021-07-10T20:15:45.040Z,""60 km WSW of Poso, Indonesia"",earthquake,5.2,1.1,0.108,30,reviewed,us,us"
"2022-04-18T05:46:45.350Z,-1.3329,120.4219,10,4.5,mb,,83,2.367,0.29,us,us6000hfn5,2022-06-26T01:19:07.040Z,""37 km W of Poso, Indonesia"",earthquake,6.4,1.8,0.205,7,reviewed,us,us"
"2021-09-29T16:39:30.870Z,-1.3006,123.7013,10,4.5,mb,,45,0.964,0.94,us,us6000fq6u,2021-12-04T14:28:06.040Z,""108 km ESE of Luwuk, Indonesia"",earthquake,5.7,1.9,0.118,21,reviewed,us,us"
"2021-09-16T19:19:55.482Z,-1.2665,120.5853,10,4.5,mb,,80,2.197,1.26,us,us7000fbwx,2021-11-23T15:13:16.040Z,""Sulawesi, Indonesia"",earthquake,4.5,1.9,0.096,32,reviewed,us,us"
"2022-03-27T16:34:59.018Z,-1.2154,120.7692,10,4.5,mb,,74,2.009,1.19,us,us7000gxpn,2022-06-04T20:42:10.040Z,""20 km N of Poso, Indonesia"",earthquake,6,1.9,0.131,19,reviewed,us,us"
"2024-05-06T23:33:42.013Z,-1.0587,120.5697,10,4.5,mb,49,69,2.166,0.66,us,us6000mwur,2024-07-20T22:20:01.040Z,""42 km NNW of Poso, Indonesia"",earthquake,3.02,1.88,0.092,35,reviewed,us,us"
"2023-05-04T21:43:09.301Z,-0.9139,123.3579,10,4.5,mb,20,71,0.6,0.37,us,us6000kaun,2023-07-15T22:10:23.040Z,""63 km E of Luwuk, Indonesia"",earthquake,4.62,1.475,0.163,11,reviewed,us,us"
"2025-09-04T01:09:57.926Z,-0.8989,120.3595,10,4.5,mb,40,78,1.628,0.98,us,us7000qtnu,2025-11-30T23:39:45.040Z,""54 km E of Palu, Indonesia"",earthquake,5.23,1.87,0.111,24,reviewed,us,us"
"2025-07-01T19:55:49.986Z,-0.8451,121.9119,10,4.5,mb,38,57,0.881,0.98,us,us7000qa23,2025-09-04T20:40:04.040Z,""98 km W of Luwuk, Indonesia"",earthquake,5.56,1.889,0.112,23,reviewed,us,us"
"2021-07-27T18:32:26.476Z,-0.6623,121.959,10,4.5,mb,,104,0.895,0.66,us,us6000f1jk,2021-10-03T05:24:22.040Z,""97 km WNW of Luwuk, Indonesia"",earthquake,5,1.9,0.15,13,reviewed,us,us"
"2025-07-14T03:50:10.584Z,-0.6616,123.2397,18.91,4.5,mb,41,53,0.601,0.7,us,us7000qci9,2025-11-28T21:10:05.757Z,""59 km ENE of Luwuk, Indonesia"",earthquake,5.01,4.612,0.106,27,reviewed,us,us"
"2021-08-02T04:44:41.698Z,-0.6614,121.9021,10,4.5,mb,,114,0.948,1.13,us,us6000f3uq,2021-10-14T01:08:40.040Z,""103 km WNW of Luwuk, Indonesia"",earthquake,8,1.9,0.192,10,reviewed,us,us"
"2022-08-22T11:09:34.876Z,-0.5079,123.4515,10.143,4.5,mb,29,42,0.862,0.43,us,us6000icqz,2022-11-01T15:12:49.040Z,""88 km ENE of Luwuk, Indonesia"",earthquake,4.22,5.109,0.124,19,reviewed,us,us"
"2023-03-03T13:24:29.108Z,-0.4513,123.0211,88.033,4.5,mb,38,60,0.637,0.53,us,us7000jh1k,2023-05-08T02:00:35.040Z,""61 km NNE of Luwuk, Indonesia"",earthquake,6.66,7.265,0.106,26,reviewed,us,us"
"2022-02-07T00:14:13.968Z,-0.4253,122.0153,18.05,4.5,mb,,56,0.973,0.65,us,us7000gine,2022-04-19T17:38:54.040Z,""103 km NW of Luwuk, Indonesia"",earthquake,4.9,5.4,0.125,19,reviewed,us,us"
"2022-07-11T20:37:57.702Z,-0.2502,123.0551,79.54,4.5,mb,45,59,0.835,1.09,us,us6000i1mg,2022-09-24T21:25:55.040Z,""83 km NNE of Luwuk, Indonesia"",earthquake,7.9,7.4,0.098,31,reviewed,us,us"
"2021-06-25T19:27:36.290Z,-0.1422,123.3974,171.93,4.5,mb,,30,0.919,0.94,us,us6000eptb,2021-09-09T22:04:55.040Z,""83 km SSE of Gorontalo, Indonesia"",earthquake,5.7,5.5,0.071,63,reviewed,us,us"
"2022-08-30T04:33:16.174Z,-0.1006,123.2121,162.233,4.5,mb,37,66,1.033,0.65,us,us7000i3lf,2022-11-06T04:37:43.040Z,""72 km SSE of Gorontalo, Indonesia"",earthquake,6.96,3.649,0.115,22,reviewed,us,us"
"2023-12-20T15:59:50.160Z,-0.0928,123.0929,141.084,4.5,mb,26,63,0.996,0.49,us,us6000m1df,2024-02-27T22:56:56.040Z,""69 km S of Gorontalo, Indonesia"",earthquake,7.03,7.116,0.139,15,reviewed,us,us"
"2025-03-29T19:38:15.299Z,-0.0383,123.4283,133.786,4.5,mb,50,52,1.194,0.65,us,us7000pnpk,2025-06-06T21:12:27.040Z,""75 km SSE of Gorontalo, Indonesia"",earthquake,6.14,6.454,0.095,32,reviewed,us,us"
"2023-12-26T08:59:29.949Z,-0.0357,122.9301,133.502,4.5,mb,34,54,1.012,0.68,us,us7000llgy,2024-03-02T21:39:40.040Z,""65 km SSW of Gorontalo, Indonesia"",earthquake,8.77,8.6,0.113,23,reviewed,us,us"
"2024-06-01T00:37:52.507Z,-0.0246,123.3358,138.23,4.5,mb,58,67,1.157,0.79,us,us7000mpe1,2024-08-06T20:32:49.040Z,""69 km SSE of Gorontalo, Indonesia"",earthquake,7.69,6.656,0.084,42,reviewed,us,us"
"2025-07-20T08:02:32.067Z,-0.0062,123.6712,139.433,4.5,mb,53,39,1.855,0.49,us,us7000qdzp,2025-10-03T18:42:58.040Z,""90 km SE of Gorontalo, Indonesia"",earthquake,7.47,2.8,0.088,38,reviewed,us,us"
"2023-01-11T19:55:04.251Z,0.0107,123.5461,119.877,4.5,mb,79,44,1.301,0.88,us,us7000j3qy,2023-03-20T06:03:23.040Z,""79 km SE of Gorontalo, Indonesia"",earthquake,7.57,3.424,0.066,67,reviewed,us,us"
"2023-03-06T02:42:20.263Z,0.0195,123.2731,136.334,4.5,mb,66,32,1.167,0.67,us,us7000jhjz,2023-05-15T02:50:32.040Z,""61 km SSE of Gorontalo, Indonesia"",earthquake,6.5,6.381,0.081,45,reviewed,us,us"
"2021-09-22T07:03:56.011Z,0.0244,123.3239,158.13,4.5,mb,,85,1.194,0.74,us,us7000fdcs,2021-12-03T15:01:45.040Z,""63 km SSE of Gorontalo, Indonesia"",earthquake,6.8,6.8,0.121,20,reviewed,us,us"
"2025-07-16T17:17:20.008Z,0.0511,123.3452,140.121,4.5,mb,57,73,1.228,0.75,us,us7000qd13,2025-10-03T18:42:22.040Z,""62 km SSE of Gorontalo, Indonesia"",earthquake,10.85,6.284,0.079,47,reviewed,us,us"
"2021-12-05T21:33:30.804Z,0.1669,123.7585,118.99,4.5,mb,,60,1.554,0.83,us,us6000g9c0,2022-02-12T23:06:06.040Z,""87 km ESE of Gorontalo, Indonesia"",earthquake,5.7,7.8,0.131,17,reviewed,us,us"
"2021-05-31T00:15:56.653Z,0.1676,121.8892,225.34,4.5,mb,,118,5.572,0.37,us,us6000eg3b,2021-08-07T22:06:25.040Z,""136 km WSW of Gorontalo, Indonesia"",earthquake,13,8.1,0.079,47,reviewed,us,us"
"2025-03-02T08:11:41.425Z,0.2381,121.9403,189.655,4.5,mb,28,73,1.447,0.89,us,us6000pwev,2025-05-08T19:24:44.040Z,""129 km WSW of Gorontalo, Indonesia"",earthquake,8.39,8.953,0.121,20,reviewed,us,us"
"2021-08-27T03:12:40.950Z,0.272,122.376,155.35,4.5,mb,,158,1.363,1.29,us,us7000f4hg,2021-11-06T20:29:03.040Z,""81 km WSW of Gorontalo, Indonesia"",earthquake,9.4,7.8,0.124,19,reviewed,us,us"
"2024-05-04T10:14:48.239Z,0.2887,123.789,204.324,4.5,mb,21,88,1.668,0.72,us,us6000mxr5,2024-07-15T03:58:02.040Z,""74 km WSW of Modisi, Indonesia"",earthquake,8.51,6.016,0.139,16,reviewed,us,us"
"2024-01-17T16:51:36.053Z,0.3008,122.3663,145.933,4.5,mb,31,59,1.394,1.07,us,us6000m483,2024-03-29T17:37:52.040Z,""81 km WSW of Gorontalo, Indonesia"",earthquake,7.48,7.374,0.11,24,reviewed,us,us"
"2021-04-25T06:33:22.456Z,0.3079,122.2972,132.31,4.5,mb,,55,1.422,0.53,us,us6000e4kn,2021-07-07T18:34:49.040Z,""88 km WSW of Gorontalo, Indonesia"",earthquake,6.1,6.3,0.08,47,reviewed,us,us"
"2024-11-22T21:59:21.125Z,0.3333,122.1695,142.925,4.5,mb,49,60,1.493,0.68,us,us6000p757,2025-01-30T17:00:32.040Z,""101 km WSW of Gorontalo, Indonesia"",earthquake,7.21,7.005,0.087,38,reviewed,us,us"
"2022-09-06T19:11:39.416Z,0.3467,121.9111,185.226,4.5,mb,86,36,1.361,0.68,us,us7000i5st,2022-11-15T19:06:11.040Z,""129 km W of Gorontalo, Indonesia"",earthquake,7.01,6.256,0.07,66,reviewed,us,us"
"2025-04-25T21:19:50.175Z,0.365,122.1611,135.303,4.5,mb,54,38,1.525,0.9,us,us7000pv4p,2025-07-11T15:46:20.040Z,""102 km W of Gorontalo, Indonesia"",earthquake,5.71,6.851,0.073,55,reviewed,us,us"
"2021-12-13T21:14:06.565Z,0.3669,120.6257,72.86,4.5,mb,,82,0.755,0.94,us,us6000gc07,2022-02-24T21:00:36.040Z,""164 km NNE of Palu, Indonesia"",earthquake,4.1,7.7,0.124,19,reviewed,us,us"
"2025-03-15T22:20:16.294Z,0.3839,122.116,143.066,4.5,mb,53,41,1.517,0.89,us,us6000pz32,2025-05-17T19:19:58.040Z,""106 km W of Gorontalo, Indonesia"",earthquake,6.73,7.305,0.078,48,reviewed,us,us"
"2022-12-12T16:57:49.755Z,0.4625,123.7831,214.971,4.5,mb,73,50,1.804,0.65,us,us6000j8tu,2023-02-18T22:04:06.040Z,""80 km E of Gorontalo, Indonesia"",earthquake,7.93,3.078,0.073,58,reviewed,us,us"
"2022-08-29T14:04:02.179Z,0.4786,122.1097,193.176,4.5,mb,21,66,1.469,0.99,us,us7000i5q9,2022-11-06T04:38:01.040Z,""106 km W of Gorontalo, Indonesia"",earthquake,9.32,5.13,0.156,15,reviewed,us,us"
"2021-07-01T11:26:04.699Z,0.5456,121.1628,88.53,4.5,mb,,115,0.678,0.8,us,us7000ehzg,2021-09-09T22:06:28.040Z,""211 km W of Gorontalo, Indonesia"",earthquake,6.9,6.8,0.132,17,reviewed,us,us"
"2021-11-23T13:20:43.707Z,0.5668,122.879,287.38,4.5,mb,,47,1.601,0.6,us,us7000fwfp,2022-01-29T22:55:31.040Z,""20 km W of Gorontalo, Indonesia"",earthquake,6.3,6.2,0.065,73,reviewed,us,us"
"2021-07-10T11:49:57.901Z,0.5799,123.5653,252.62,4.5,mb,,66,1.795,0.51,us,us6000eu3l,2021-09-17T22:49:21.040Z,""Minahasa, Sulawesi, Indonesia"",earthquake,7.6,7.6,0.106,26,reviewed,us,us"
"2025-05-15T19:16:05.129Z,0.5855,121.6312,107.187,4.5,mb,68,46,0.997,0.83,us,us7000pzg2,2025-07-25T17:06:16.040Z,""159 km W of Gorontalo, Indonesia"",earthquake,3.27,6.352,0.075,52,reviewed,us,us"
"2025-11-25T20:40:40.963Z,0.6525,121.5158,89.982,4.5,mb,52,122,0.864,0.81,us,us7000rdtf,2025-11-25T21:19:30.040Z,""172 km W of Gorontalo, Indonesia"",earthquake,13.54,7.703,0.08,46,reviewed,us,us"
"2021-06-02T20:23:33.555Z,0.6683,122.5372,79.6,4.5,mb,,153,1.714,0.43,us,us7000earu,2021-08-07T22:07:19.040Z,""60 km WNW of Gorontalo, Indonesia"",earthquake,8.1,11.4,0.18,9,reviewed,us,us"
"2022-01-12T19:32:25.573Z,0.8023,123.7153,270.64,4.5,mb,,67,2.06,0.81,us,us7000gbf7,2022-03-19T22:07:54.040Z,""78 km ENE of Gorontalo, Indonesia"",earthquake,2.7,7,0.066,68,reviewed,us,us"
"2021-11-07T03:50:47.121Z,0.9638,119.9714,35,4.5,mb,,146,0.823,0.85,us,us7000ft8w,2022-01-15T20:51:49.040Z,""207 km N of Palu, Indonesia"",earthquake,9.6,2,0.221,7,reviewed,us,us"
"2023-08-03T18:05:53.276Z,1.1104,120.2937,646.537,4.5,mb,110,46,0.488,0.68,us,us6000kxlu,2023-10-07T21:38:57.040Z,""228 km NNE of Palu, Indonesia"",earthquake,6.99,6.116,0.051,110,reviewed,us,us"
"2024-06-10T16:02:30.831Z,1.2488,121.8009,40.216,4.5,mb,38,93,1.028,0.9,us,us7000mt7m,2024-08-23T18:04:43.040Z,""160 km WNW of Gorontalo, Indonesia"",earthquake,6.62,8.424,0.106,26,reviewed,us,us"
"2021-08-22T11:07:24.580Z,1.3725,120.8244,38.3,4.5,mb,,81,0.263,0.55,us,us6000f9mb,2021-11-02T14:54:18.040Z,""265 km WNW of Gorontalo, Indonesia"",earthquake,7.6,6.3,0.11,28,reviewed,us,us"
"2024-02-16T18:24:32.294Z,1.3797,120.2649,33.238,4.5,mb,74,69,0.581,0.57,us,us7000lzqc,2024-04-24T14:42:04.040Z,""256 km N of Palu, Indonesia"",earthquake,6.99,4.928,0.071,65,reviewed,us,us"
"2022-07-20T21:38:58.046Z,-2.136,120.6137,10,4.4,mb,29,76,2.415,1.24,us,us7000hs8l,2022-09-27T16:57:10.040Z,""83 km S of Poso, Indonesia"",earthquake,5.69,1.893,0.134,16,reviewed,us,us"
"2021-01-02T13:59:25.215Z,-1.9263,122.549,10,4.4,mb,,90,0.906,1.3,us,us6000d551,2021-03-13T22:58:54.040Z,""110 km SSW of Luwuk, Indonesia"",earthquake,6.5,1.9,0.155,12,reviewed,us,us"
"2023-02-27T04:33:16.642Z,-1.6197,120.3439,10,4.4,mb,20,122,2.494,0.69,us,us7000jhx8,2023-05-08T01:59:39.040Z,""51 km WSW of Poso, Indonesia"",earthquake,7.63,1.908,0.149,13,reviewed,us,us"
"2024-10-30T02:38:18.342Z,-1.6039,123.3702,10,4.4,mb,23,53,0.818,0.77,us,us7000nnxr,2025-01-16T18:45:10.040Z,""96 km SE of Luwuk, Indonesia"",earthquake,5.86,1.903,0.149,13,reviewed,us,us"
"2023-02-27T01:48:50.026Z,-1.5833,120.4247,37.179,4.4,mb,26,67,2.407,0.64,us,us7000jhx5,2023-05-08T01:59:38.040Z,""Sulawesi, Indonesia"",earthquake,5.12,7.872,0.149,13,reviewed,us,us"
"2024-08-25T19:25:27.536Z,-1.5832,120.8771,10,4.4,mb,33,96,2.678,0.8,us,us7000ngbz,2024-11-02T21:29:46.040Z,""24 km SE of Poso, Indonesia"",earthquake,6.75,1.406,0.123,19,reviewed,us,us"
"2021-05-02T09:08:15.501Z,-1.4605,120.1564,10,4.4,mb,,63,2.629,0.89,us,us7000e122,2021-07-10T20:15:56.040Z,""66 km W of Poso, Indonesia"",earthquake,6.7,1.9,0.178,9,reviewed,us,us"
"2024-08-10T23:24:26.588Z,-1.2367,120.444,10,4.4,mb,20,81,2.356,1.08,us,us6000npbl,2024-10-24T17:58:38.040Z,""38 km WNW of Poso, Indonesia"",earthquake,7.19,0.968,0.17,10,reviewed,us,us"
"2022-04-21T10:14:45.436Z,-1.1594,121.0128,10,4.4,mb,,73,1.762,1.18,us,us7000h6i1,2022-06-26T01:20:31.040Z,""39 km NE of Poso, Indonesia"",earthquake,4,1.9,0.219,10,reviewed,us,us"
"2024-01-18T16:06:37.609Z,-1.1545,121.4846,10,4.4,mb,19,167,1.292,0.59,us,us7000ltre,2024-03-29T17:37:56.040Z,""85 km ENE of Poso, Indonesia"",earthquake,8.16,1.452,0.144,14,reviewed,us,us"
"2021-07-10T07:57:57.677Z,-0.9611,120.0897,10,4.4,mb,,136,2.171,0.8,us,us7000em6i,2021-09-17T22:50:44.040Z,""25 km ESE of Palu, Indonesia"",earthquake,5,1.9,0.169,10,reviewed,us,us"
"2021-12-30T03:03:35.670Z,-0.8013,121.985,10,4.4,mb,,99,0.822,0.37,us,us7000gawt,2022-03-05T23:11:10.040Z,""90 km W of Luwuk, Indonesia"",earthquake,5.9,1.7,0.219,6,reviewed,us,us"
"2022-12-15T08:04:56.182Z,-0.7996,121.8642,10.008,4.4,mb,24,114,0.939,0.56,us,us6000jajs,2023-02-18T22:04:20.040Z,""104 km W of Luwuk, Indonesia"",earthquake,5.93,5.039,0.155,13,reviewed,us,us"
"2024-08-08T07:24:25.374Z,-0.7254,121.9797,10,4.4,mb,21,58,2.182,0.33,us,us6000nn9m,2024-10-24T17:58:22.040Z,""93 km WNW of Luwuk, Indonesia"",earthquake,8.44,1.937,0.154,12,reviewed,us,us"
"2021-02-27T06:53:13.450Z,-0.6509,123.7893,47.15,4.4,mb,,80,1.089,0.73,us,us7000de3t,2021-05-13T22:36:09.040Z,""116 km ENE of Luwuk, Indonesia"",earthquake,7.3,8.5,0.13,17,reviewed,us,us"
"2024-01-25T11:32:20.914Z,-0.6126,122.341,10,4.4,mb,31,68,0.606,1.04,us,us7000lv0q,2024-03-30T22:35:05.040Z,""62 km NW of Luwuk, Indonesia"",earthquake,5.14,1.903,0.149,16,reviewed,us,us"
"2021-07-28T13:34:47.516Z,-0.581,121.8442,10,4.4,mb,,106,1.034,0.48,us,us6000f1xf,2021-10-03T05:24:24.040Z,""112 km WNW of Luwuk, Indonesia"",earthquake,6.7,1.8,0.19,8,reviewed,us,us"
"2021-02-27T04:49:26.967Z,-0.5173,122.0639,10,4.4,mb,,105,0.878,0.76,us,us7000de2n,2021-05-13T22:36:04.040Z,""93 km WNW of Luwuk, Indonesia"",earthquake,4.6,1.8,0.149,14,reviewed,us,us"
"2024-01-03T08:47:14.658Z,-0.248,123.6555,97.778,4.4,mb,25,49,1.184,0.87,us,us6000m3bp,2024-03-09T21:40:26.040Z,""109 km SE of Gorontalo, Indonesia"",earthquake,4.78,8.856,0.17,10,reviewed,us,us"
"2021-12-26T00:32:56.952Z,-0.2375,123.0002,85.67,4.4,mb,,82,0.831,0.82,us,us7000g9lr,2022-03-05T23:11:03.040Z,""82 km NNE of Luwuk, Indonesia"",earthquake,8.2,5.1,0.118,21,reviewed,us,us"
"2023-06-21T00:47:40.732Z,-0.1942,123.1484,10.251,4.4,mb,23,65,4.326,0.41,us,us6000kp4h,2023-08-26T20:54:19.040Z,""81 km S of Gorontalo, Indonesia"",earthquake,10.25,4.837,0.149,14,reviewed,us,us"
"2024-02-23T11:57:58.247Z,-0.1001,121.9266,265.184,4.4,mb,29,106,1.261,0.72,us,us7000m12c,2024-05-02T15:50:13.040Z,""134 km NW of Luwuk, Indonesia"",earthquake,9.34,7.038,0.126,18,reviewed,us,us"
"2025-08-02T20:33:57.981Z,-0.0936,123.2974,146.886,4.4,mb,59,69,1.079,1.17,us,us6000qxqt,2025-10-17T22:51:42.040Z,""74 km SSE of Gorontalo, Indonesia"",earthquake,7.81,7.029,0.077,48,reviewed,us,us"
"2022-01-10T05:27:09.476Z,-0.0765,122.9215,124.95,4.4,mb,,34,0.97,0.7,us,us7000gd6d,2022-03-19T22:07:34.040Z,""69 km SSW of Gorontalo, Indonesia"",earthquake,6.8,6.6,0.103,27,reviewed,us,us"
"2021-04-01T08:58:19.276Z,-0.0667,122.8623,152.74,4.4,mb,,51,0.972,0.54,us,us6000dy5t,2021-06-08T17:59:33.040Z,""70 km SSW of Gorontalo, Indonesia"",earthquake,8,7,0.098,30,reviewed,us,us"
"2024-05-22T16:58:45.446Z,-0.0357,123.4672,98.691,4.4,mb,34,49,1.217,0.94,us,us6000n0b2,2024-08-06T02:09:44.040Z,""77 km SE of Gorontalo, Indonesia"",earthquake,7.28,3.601,0.112,23,reviewed,us,us"
"2022-09-20T06:52:33.952Z,-0.031,123.3054,146.362,4.4,mb,23,78,1.137,0.41,us,us6000inn6,2022-11-26T20:57:19.040Z,""Sulawesi, Indonesia"",earthquake,7.7,9.471,0.144,14,reviewed,us,us"
"2024-02-14T09:25:27.643Z,-0.025,123.3351,138.748,4.4,mb,52,49,1.156,0.69,us,us7000lz55,2024-04-24T14:42:02.040Z,""69 km SSE of Gorontalo, Indonesia"",earthquake,4.97,7.075,0.085,41,reviewed,us,us"
"2024-07-21T07:22:21.501Z,-0.0111,123.8288,106.297,4.4,mb,29,50,3.244,0.67,us,us6000nhkp,2024-09-28T22:41:24.040Z,""84 km SW of Modisi, Indonesia"",earthquake,7.43,7.956,0.123,19,reviewed,us,us"
"2022-03-01T12:11:16.100Z,0.013,123.4221,139.98,4.4,mb,,66,1.233,0.43,us,us6000h12y,2022-05-07T21:32:40.040Z,""70 km SE of Gorontalo, Indonesia"",earthquake,7,7.1,0.071,57,reviewed,us,us"
"2021-11-23T14:31:35.641Z,0.0199,123.4018,136.11,4.4,mb,,45,1.228,1.06,us,us7000fwg7,2022-01-29T22:55:32.040Z,""68 km SSE of Gorontalo, Indonesia"",earthquake,4.9,6.7,0.109,24,reviewed,us,us"
"2022-12-04T18:10:54.808Z,0.0275,123.4451,122.533,4.4,mb,30,75,2.873,0.78,us,us6000j6vv,2023-02-11T23:03:06.040Z,""70 km SE of Gorontalo, Indonesia"",earthquake,4.94,8.244,0.112,23,reviewed,us,us"
"2022-06-20T22:36:12.537Z,0.0469,123.5115,128.58,4.4,mb,53,45,1.31,0.54,us,us7000hius,2022-08-28T03:19:27.040Z,""73 km SE of Gorontalo, Indonesia"",earthquake,7.5,8.5,0.081,44,reviewed,us,us"
"2022-07-15T16:38:36.878Z,0.0505,123.2042,115.05,4.4,mb,16,92,1.168,0.8,us,us7000hsqt,2022-09-24T21:25:32.040Z,""56 km SSE of Gorontalo, Indonesia"",earthquake,8.5,10.4,0.17,10,reviewed,us,us"
"2022-04-05T14:33:46.954Z,0.0695,123.4987,128.74,4.4,mb,,88,1.321,0.92,us,us7000gzu5,2022-06-11T20:21:05.040Z,""70 km SE of Gorontalo, Indonesia"",earthquake,9.7,6.8,0.085,42,reviewed,us,us"
"2022-04-12T04:55:28.085Z,0.0789,123.5904,138.28,4.4,mb,,54,1.381,0.45,us,us7000h1ey,2022-06-20T22:07:54.040Z,""77 km SE of Gorontalo, Indonesia"",earthquake,5.4,6.5,0.114,22,reviewed,us,us"
"2025-03-23T13:11:49.036Z,0.08,122.4638,287.052,4.4,mb,65,65,1.156,0.79,us,us7000pm25,2025-05-29T17:36:30.040Z,""83 km SW of Gorontalo, Indonesia"",earthquake,7.79,6.647,0.068,62,reviewed,us,us"
"2024-06-06T19:00:25.059Z,0.0854,122.9882,176.316,4.4,mb,36,69,2.43,0.67,us,us7000ms71,2024-08-16T21:59:21.040Z,""50 km S of Gorontalo, Indonesia"",earthquake,11.49,8.2,0.109,24,reviewed,us,us"
"2023-08-09T07:06:53.465Z,0.0896,123.5166,145.458,4.4,mb,34,73,2.917,0.73,us,us6000kytg,2023-10-17T22:01:28.040Z,""70 km SE of Gorontalo, Indonesia"",earthquake,8.8,7.44,0.117,21,reviewed,us,us"
"2022-02-19T04:17:25.504Z,0.1466,123.7476,119.73,4.4,mb,,66,1.531,1.01,us,us7000gm55,2022-05-04T13:38:33.040Z,""87 km ESE of Gorontalo, Indonesia"",earthquake,8.6,7.4,0.138,18,reviewed,us,us"
"2021-04-06T04:15:40.195Z,0.1651,121.7127,219.11,4.4,mb,,122,1.322,0.81,us,us6000e1hj,2021-06-12T21:37:38.040Z,""155 km WSW of Gorontalo, Indonesia"",earthquake,10.4,8.9,0.149,13,reviewed,us,us"
"2025-07-20T13:53:42.418Z,0.2069,123.3796,201.173,4.4,mb,19,107,3.61,1.07,us,us6000qxed,2025-10-03T18:41:49.040Z,""50 km SE of Gorontalo, Indonesia"",earthquake,13.52,10.089,0.123,19,reviewed,us,us"
"2021-10-05T18:28:18.233Z,0.2123,122.4259,150.94,4.4,mb,,73,1.292,0.63,us,us6000ft0y,2021-12-10T21:14:23.040Z,""79 km WSW of Gorontalo, Indonesia"",earthquake,4.6,8.1,0.123,22,reviewed,us,us"
"2022-03-22T19:29:26.925Z,0.2137,122.1097,184.82,4.4,mb,,57,1.411,1.19,us,us7000gxc3,2022-05-28T18:35:39.040Z,""111 km WSW of Gorontalo, Indonesia"",earthquake,5.9,7.3,0.123,24,reviewed,us,us"
"2024-11-30T17:47:08.167Z,0.2182,122.1013,179.824,4.4,mb,72,51,1.42,0.56,us,us7000nv5x,2025-02-02T00:54:13.040Z,""112 km WSW of Gorontalo, Indonesia"",earthquake,7.88,6.719,0.066,69,reviewed,us,us"
"2025-09-01T16:56:24.410Z,0.2243,122.0056,198.613,4.4,mb,47,73,1.472,0.7,us,us7000qt3p,2025-11-19T21:59:49.040Z,""122 km WSW of Gorontalo, Indonesia"",earthquake,7.96,6.622,0.096,31,reviewed,us,us"
"2021-11-07T21:32:20.752Z,0.2382,123.7578,119.93,4.4,mb,,87,1.609,0.55,us,us7000ft9a,2022-01-15T20:51:49.040Z,""84 km ESE of Gorontalo, Indonesia"",earthquake,9.6,4.5,0.144,14,reviewed,us,us"
"2022-08-17T13:34:03.336Z,0.2393,121.7627,208.441,4.4,mb,54,57,1.309,0.71,us,us6000ibl0,2022-10-28T02:26:45.040Z,""148 km WSW of Gorontalo, Indonesia"",earthquake,7.67,6.678,0.086,39,reviewed,us,us"
"2021-06-07T03:52:54.129Z,0.2665,122.1637,182.92,4.4,mb,,56,1.434,1.18,us,us7000eam0,2021-08-24T21:34:39.040Z,""104 km WSW of Gorontalo, Indonesia"",earthquake,6.9,5.1,0.077,49,reviewed,us,us"
"2021-03-13T10:51:03.013Z,0.2839,121.9049,120.99,4.4,mb,,120,1.391,0.57,us,us7000dj28,2021-05-26T22:06:37.040Z,""131 km WSW of Gorontalo, Indonesia"",earthquake,5.6,8.6,0.112,23,reviewed,us,us"
"2022-04-21T00:53:39.749Z,0.2853,121.5662,157.99,4.4,mb,,110,1.135,0.84,us,us6000hf5m,2022-06-26T01:20:18.040Z,""168 km W of Gorontalo, Indonesia"",earthquake,8.5,5.6,0.082,43,reviewed,us,us"
"2024-03-30T07:27:27.021Z,0.2928,122.0325,195.369,4.4,mb,23,61,1.492,0.73,us,us7000m8wa,2024-06-01T21:55:49.040Z,""117 km WSW of Gorontalo, Indonesia"",earthquake,5.78,7.276,0.148,13,reviewed,us,us"
"2021-05-18T09:21:55.094Z,0.3085,120.1175,45.86,4.4,mb,,79,1.037,0.62,us,us7000e5tm,2021-07-24T21:07:53.040Z,""137 km NNE of Palu, Indonesia"",earthquake,6.3,8.4,0.134,16,reviewed,us,us"
"2023-05-10T02:13:08.448Z,0.3278,122.217,177.652,4.4,mb,38,117,1.469,0.79,us,us6000kary,2023-07-22T19:16:34.040Z,""96 km WSW of Gorontalo, Indonesia"",earthquake,9.3,5.417,0.115,22,reviewed,us,us"
"2023-12-10T09:57:21.490Z,0.3584,122.0297,193.99,4.4,mb,47,59,1.455,0.79,us,us7000lhwp,2024-02-17T22:43:05.040Z,""116 km W of Gorontalo, Indonesia"",earthquake,4.71,6.162,0.093,33,reviewed,us,us"
"2025-07-28T02:42:07.485Z,0.4033,123.5481,243,4.4,mb,53,92,1.632,0.87,us,us6000qvjt,2025-10-11T20:57:24.040Z,""56 km ESE of Gorontalo, Indonesia"",earthquake,7.93,7.036,0.086,40,reviewed,us,us"
"2023-07-28T09:02:30.596Z,0.5414,122.0785,127.333,4.4,mb,21,112,1.415,0.35,us,us6000kxv2,2023-09-30T21:36:37.040Z,""109 km W of Gorontalo, Indonesia"",earthquake,8.86,8.036,0.134,16,reviewed,us,us"
"2025-02-18T19:46:26.109Z,0.5517,122.3749,116.619,4.4,mb,38,65,1.632,0.78,us,us7000pekt,2025-05-02T16:26:22.040Z,""76 km W of Gorontalo, Indonesia"",earthquake,4.3,8.309,0.112,23,reviewed,us,us"
"2021-08-12T17:21:03.055Z,0.5946,119.6791,10,4.4,mb,,59,1.216,1.03,us,us6000f4ky,2021-10-23T15:46:17.040Z,""167 km N of Palu, Indonesia"",earthquake,6,1.9,0.117,21,reviewed,us,us"
"2025-04-25T06:09:32.235Z,0.6122,120.5665,10,4.4,mb,29,131,0.54,0.95,us,us7000puz1,2025-07-11T15:46:20.040Z,""185 km NNE of Palu, Indonesia"",earthquake,6.26,1.902,0.12,20,reviewed,us,us"
"2024-08-16T02:19:01.385Z,0.6224,120.8923,64.95,4.4,mb,31,63,0.498,0.88,us,us7000n7bx,2024-10-26T15:48:54.040Z,""203 km NE of Palu, Indonesia"",earthquake,5.62,5.541,0.12,22,reviewed,us,us"
"2025-05-13T05:41:10.256Z,0.6839,121.5206,100.351,4.4,mb,59,38,0.852,0.77,us,us7000pyy2,2025-07-24T21:30:16.040Z,""172 km W of Gorontalo, Indonesia"",earthquake,5.97,5.583,0.084,41,reviewed,us,us"
"2025-01-04T15:10:11.611Z,0.9111,119.9938,40.875,4.4,mb,47,97,0.812,1.23,us,us6000pkf6,2025-03-17T21:34:37.040Z,""201 km N of Palu, Indonesia"",earthquake,6.31,7.479,0.095,35,reviewed,us,us"
"2024-02-22T23:13:36.073Z,0.9339,120.3171,22.696,4.4,mb,22,134,0.497,0.44,us,us7000m1vy,2024-05-02T15:50:14.040Z,""209 km NNE of Palu, Indonesia"",earthquake,7.87,7.545,0.135,16,reviewed,us,us"
"2023-03-02T08:56:45.100Z,1.074,120.2034,35.952,4.4,mb,26,64,0.579,0.46,us,us7000jgse,2023-05-08T02:00:19.040Z,""222 km N of Palu, Indonesia"",earthquake,7.86,9.264,0.115,29,reviewed,us,us"
"2021-02-17T21:34:44.672Z,1.0834,120.1789,35,4.4,mb,,99,0.603,0.75,us,us6000dihg,2021-04-23T21:04:52.040Z,""222 km N of Palu, Indonesia"",earthquake,3.9,1.9,0.149,13,reviewed,us,us"
"2025-04-30T23:10:14.672Z,1.1135,123.6559,46.455,4.4,mb,27,70,1.228,0.45,us,us7000pw9j,2025-07-12T16:30:40.040Z,""91 km NE of Gorontalo, Indonesia"",earthquake,6.54,9.138,0.13,17,reviewed,us,us"
"2024-03-30T21:15:58.105Z,1.2761,123.4853,330.883,4.4,mb,85,74,2.708,0.68,us,us7000m8zn,2024-06-01T21:55:50.040Z,""94 km NNE of Gorontalo, Indonesia"",earthquake,5.6,5.707,0.061,76,reviewed,us,us"
"2023-07-24T22:10:49.628Z,1.3148,122.6874,39.02,4.4,mb,18,172,1.916,0.76,us,us6000kxas,2023-09-30T21:36:35.040Z,""Minahasa, Sulawesi, Indonesia"",earthquake,13.59,8.682,0.134,16,reviewed,us,us"
"2023-07-24T21:56:15.189Z,1.3151,122.5839,41.414,4.4,mb,26,108,1.813,0.49,us,us6000kwyv,2023-09-30T21:36:34.040Z,""101 km NNW of Gorontalo, Indonesia"",earthquake,10.48,7.97,0.114,22,reviewed,us,us"
"2025-07-24T18:44:20.469Z,-1.9782,120.6432,10,4.3,mb,32,92,0.661,0.9,us,us6000qupe,2025-10-11T20:57:08.040Z,""65 km S of Poso, Indonesia"",earthquake,5.61,1.829,0.126,18,reviewed,us,us"
"2025-04-07T03:36:35.831Z,-1.8351,120.4579,10,4.3,mb,27,87,0.718,0.76,us,us6000q4gy,2025-06-09T13:38:43.040Z,""58 km SW of Poso, Indonesia"",earthquake,4.82,1.887,0.142,14,reviewed,us,us"
"2023-07-22T06:20:23.553Z,-1.6563,120.75,10,4.3,mb,19,85,2.111,0.48,us,us6000kwvx,2023-09-28T21:33:21.040Z,""28 km S of Poso, Indonesia"",earthquake,5.97,1.925,0.169,12,reviewed,us,us"
"2025-01-26T04:36:00.421Z,-1.4456,119.9598,10,4.3,mb,15,92,1.129,1.02,us,us7000pb97,2025-04-08T22:01:03.040Z,""60 km S of Palu, Indonesia"",earthquake,5.05,1.658,0.265,4,reviewed,us,us"
"2021-03-20T07:54:16.902Z,-1.1378,120.8381,10,4.3,mb,,85,1.935,1.26,us,us6000dws1,2021-06-02T15:23:02.040Z,""30 km NNE of Poso, Indonesia"",earthquake,6,1.7,0.2,7,reviewed,us,us"
"2023-05-28T21:05:27.380Z,-1.1166,120.5444,40.924,4.3,mb,21,127,3.952,0.27,us,us7000k5tp,2023-08-05T22:07:48.040Z,""38 km NW of Poso, Indonesia"",earthquake,9.4,7.268,0.154,12,reviewed,us,us"
"2025-05-15T14:01:42.001Z,-1.0546,122.0296,22.132,4.3,mb,41,52,0.742,1.16,us,us7000pzcu,2025-07-25T17:06:16.040Z,""85 km W of Luwuk, Indonesia"",earthquake,3.63,5.462,0.103,28,reviewed,us,us"
"2021-02-25T17:50:47.376Z,-0.9225,123.9001,86.4,4.3,mb,,126,5.803,0.81,us,us7000dews,2021-05-04T14:17:20.040Z,""123 km E of Luwuk, Indonesia"",earthquake,9.5,11.2,0.154,12,reviewed,us,us"
"2021-07-26T15:42:29.659Z,-0.7498,122.0257,10,4.3,mb,,110,0.8,0.5,us,us6000f0pn,2021-10-03T05:24:13.040Z,""87 km WNW of Luwuk, Indonesia"",earthquake,6.9,1.9,0.216,7,reviewed,us,us"
"2021-07-26T12:59:27.987Z,-0.7491,121.9754,10,4.3,mb,,120,0.847,0.48,us,us6000f0p2,2021-10-03T05:24:07.040Z,""93 km WNW of Luwuk, Indonesia"",earthquake,6.9,1.6,0.265,5,reviewed,us,us"
"2023-12-25T03:18:06.397Z,-0.721,121.4377,10,4.3,mb,23,84,1.371,0.43,us,us6000m1sn,2024-03-02T21:39:35.040Z,""106 km NE of Poso, Indonesia"",earthquake,6.11,1.872,0.16,11,reviewed,us,us"
"2021-08-01T13:56:55.094Z,-0.7027,121.8674,13.42,4.3,mb,,74,0.964,0.75,us,us6000f2vw,2021-10-14T01:08:23.040Z,""106 km WNW of Luwuk, Indonesia"",earthquake,5.5,3.8,0.188,10,reviewed,us,us"
"2025-07-19T09:07:46.475Z,-0.677,123.2858,10,4.3,mb,33,66,2.618,0.84,us,us7000qdsk,2025-10-03T18:42:51.040Z,""63 km ENE of Luwuk, Indonesia"",earthquake,6.6,1.926,0.109,24,reviewed,us,us"
"2020-12-14T11:47:26.833Z,-0.6459,123.3175,10,4.3,mb,,77,0.672,0.47,us,us7000cs3w,2021-02-20T16:12:40.040Z,""67 km ENE of Luwuk, Indonesia"",earthquake,2.9,1.9,0.154,12,reviewed,us,us"
"2021-02-10T09:08:54.171Z,-0.4913,122.7716,69,4.3,mb,,50,0.546,0.65,us,us6000dizh,2021-04-22T21:52:18.040Z,""50 km N of Luwuk, Indonesia"",earthquake,6.1,7,0.138,15,reviewed,us,us"
"2022-04-01T12:22:13.894Z,-0.4258,123.2267,70.26,4.3,mb,,82,0.762,0.79,us,us7000gyz3,2022-06-04T20:42:34.040Z,""75 km NE of Luwuk, Indonesia"",earthquake,8.1,9.4,0.106,25,reviewed,us,us"
"2021-04-04T19:07:55.876Z,-0.3553,122.1298,10,4.3,mb,,104,0.936,0.54,us,us6000e10e,2021-06-12T21:37:09.040Z,""98 km NW of Luwuk, Indonesia"",earthquake,8.9,1.9,0.169,10,reviewed,us,us"
"2024-09-03T13:13:07.835Z,-0.3392,123.1077,81.566,4.3,mb,28,57,2.736,0.7,us,us6000nph8,2024-11-15T16:19:51.040Z,""76 km NNE of Luwuk, Indonesia"",earthquake,5.98,9.223,0.116,24,reviewed,us,us"
"2024-05-14T01:51:30.441Z,-0.3323,122.0154,10,4.3,mb,12,133,1.891,0.52,us,us6000n023,2024-07-26T23:58:08.040Z,""109 km NW of Luwuk, Indonesia"",earthquake,7.1,1.859,0.201,7,reviewed,us,us"
"2023-02-04T17:49:16.790Z,-0.3125,123.6679,10.12,4.3,mb,42,77,1.152,0.93,us,us6000jn23,2023-04-13T21:53:35.040Z,""115 km SE of Gorontalo, Indonesia"",earthquake,3.02,4.79,0.114,28,reviewed,us,us"
"2021-05-26T19:16:59.107Z,-0.1522,123.2845,142.56,4.3,mb,,107,1.021,0.97,us,us6000egl0,2021-07-31T22:10:01.040Z,""80 km SSE of Gorontalo, Indonesia"",earthquake,6.2,7.8,0.153,12,reviewed,us,us"
"2021-02-05T02:37:33.629Z,-0.1193,121.92,280.84,4.3,mb,,71,1.251,0.7,us,us6000dekf,2021-04-22T21:50:16.040Z,""133 km NW of Luwuk, Indonesia"",earthquake,9.1,7.6,0.169,11,reviewed,us,us"
"2025-03-21T20:36:50.095Z,-0.1087,123.5385,148.212,4.3,mb,117,36,1.203,0.9,us,us7000plqp,2025-05-29T17:36:28.040Z,""88 km SE of Gorontalo, Indonesia"",earthquake,6.54,6.832,0.057,97,reviewed,us,us"
"2024-11-11T16:05:23.338Z,-0.095,123.875,168.793,4.3,mb,29,67,1.45,0.92,us,us7000nuqd,2025-01-26T16:30:47.040Z,""86 km SW of Modisi, Indonesia"",earthquake,6.56,6.88,0.129,17,reviewed,us,us"
"2022-02-11T10:35:41.439Z,-0.0924,123.8605,101.92,4.3,mb,,47,1.44,0.58,us,us7000gjyr,2022-04-19T17:39:53.040Z,""112 km SE of Gorontalo, Indonesia"",earthquake,6.7,7.6,0.108,24,reviewed,us,us"
"2021-05-29T17:00:43.341Z,-0.0051,123.2676,131.61,4.3,mb,,73,1.143,0.9,us,us7000e915,2021-08-07T22:06:03.040Z,""64 km SSE of Gorontalo, Indonesia"",earthquake,6.5,2.8,0.168,13,reviewed,us,us"
"2023-09-18T00:50:36.531Z,0.0496,123.617,125.599,4.3,mb,25,72,1.375,0.67,us,us7000kxct,2023-12-02T23:01:10.040Z,""81 km SE of Gorontalo, Indonesia"",earthquake,7.6,8.694,0.138,15,reviewed,us,us"
"2025-04-28T03:27:57.242Z,0.0503,123.5936,136.195,4.3,mb,22,84,1.361,0.56,us,us7000pvhj,2025-07-11T15:46:22.040Z,""79 km SE of Gorontalo, Indonesia"",earthquake,7.41,9.645,0.142,14,reviewed,us,us"
"2022-06-30T16:14:33.994Z,0.0705,123.6478,128.8,4.3,mb,50,71,1.41,1,us,us6000hyvg,2022-09-03T21:03:22.040Z,""Minahasa, Sulawesi, Indonesia"",earthquake,7.3,6.5,0.099,32,reviewed,us,us"
"2023-02-09T02:02:24.589Z,0.1478,122.922,242.373,4.3,mb,20,111,1.191,0.3,us,us6000jpk5,2023-04-15T21:40:11.040Z,""45 km SSW of Gorontalo, Indonesia"",earthquake,11.94,7.54,0.142,14,reviewed,us,us"
"2021-11-19T14:46:03.319Z,0.1576,122.578,149.34,4.3,mb,,64,1.207,0.47,us,us7000fvg7,2022-01-29T22:55:00.040Z,""68 km SW of Gorontalo, Indonesia"",earthquake,8.9,8.5,0.098,29,reviewed,us,us"
"2023-08-08T13:01:23.927Z,0.1593,123.386,201.743,4.3,mb,29,63,2.77,0.98,us,us7000knpa,2023-10-17T22:01:28.040Z,""55 km SE of Gorontalo, Indonesia"",earthquake,9.55,5.222,0.114,22,reviewed,us,us"
"2022-01-20T00:59:00.783Z,0.1913,121.8412,208.03,4.3,mb,,114,1.538,0.59,us,us7000gfu3,2022-04-01T17:40:36.040Z,""141 km WSW of Gorontalo, Indonesia"",earthquake,8.9,9.2,0.129,17,reviewed,us,us"
"2023-04-17T17:43:49.361Z,0.2024,121.8847,201.133,4.3,mb,22,142,1.425,0.77,us,us6000k63l,2023-07-03T02:47:27.040Z,""Minahasa, Sulawesi, Indonesia"",earthquake,11.41,8.059,0.138,15,reviewed,us,us"
"2025-01-04T06:55:39.235Z,0.2791,121.9603,180.198,4.3,mb,28,81,1.439,0.84,us,us6000phtd,2025-03-17T21:34:33.040Z,""125 km WSW of Gorontalo, Indonesia"",earthquake,8.16,6.96,0.123,19,reviewed,us,us"
"2022-06-11T00:26:40.631Z,0.2858,122.2033,173.69,4.3,mb,22,74,1.436,0.59,us,us7000hhsp,2022-08-21T00:15:48.040Z,""99 km WSW of Gorontalo, Indonesia"",earthquake,10.6,9.6,0.133,16,reviewed,us,us"
"2024-05-22T07:55:59.894Z,0.3013,121.8212,212.147,4.3,mb,23,150,1.314,0.58,us,us7000mnth,2024-08-06T02:09:35.040Z,""140 km W of Gorontalo, Indonesia"",earthquake,9.25,4.615,0.148,13,reviewed,us,us"
"2022-12-14T23:49:02.513Z,0.3099,122.6201,122.312,4.3,mb,28,98,1.351,1.02,us,us6000jacq,2023-02-18T22:04:19.040Z,""55 km WSW of Gorontalo, Indonesia"",earthquake,10.93,10.638,0.129,17,reviewed,us,us"
"2023-01-17T22:11:11.073Z,0.3275,122.2151,126.585,4.3,mb,44,98,1.47,0.95,us,us7000j50a,2023-03-31T19:44:59.040Z,""97 km WSW of Gorontalo, Indonesia"",earthquake,7.34,7.137,0.091,35,reviewed,us,us"
"2022-03-19T03:01:26.213Z,0.3326,122.0509,182.7,4.3,mb,,99,1.486,0.65,us,us6000h5xr,2022-05-28T18:35:17.040Z,""114 km WSW of Gorontalo, Indonesia"",earthquake,7.7,6.5,0.138,16,reviewed,us,us"
"2023-07-22T00:16:56.091Z,0.341,122.0551,189.377,4.3,mb,33,116,1.485,0.62,us,us7000khiq,2023-09-28T21:34:06.040Z,""114 km W of Gorontalo, Indonesia"",earthquake,12.09,6.888,0.109,24,reviewed,us,us"
"2025-03-22T08:52:26.111Z,0.3545,123.8541,204.336,4.3,mb,32,58,1.464,0.91,us,us7000plty,2025-05-29T17:36:28.040Z,""65 km W of Modisi, Indonesia"",earthquake,8.14,8.199,0.116,21,reviewed,us,us"
"2022-03-25T10:11:59.870Z,0.3619,123.9417,208.31,4.3,mb,,60,1.82,0.45,us,us7000gx6m,2022-05-28T18:35:35.040Z,""99 km E of Gorontalo, Indonesia"",earthquake,8,6.9,0.076,50,reviewed,us,us"
"2022-07-24T23:01:53.584Z,0.3841,122.6018,123.073,4.3,mb,39,65,1.426,0.77,us,us7000ht7l,2022-10-01T22:09:49.040Z,""54 km WSW of Gorontalo, Indonesia"",earthquake,6.56,5.634,0.102,27,reviewed,us,us"
"2021-01-27T16:53:53.794Z,0.4146,123.7554,202.93,4.3,mb,,76,1.749,0.61,us,us6000def0,2021-04-13T17:06:43.040Z,""78 km E of Gorontalo, Indonesia"",earthquake,7.6,7.7,0.111,23,reviewed,us,us"
"2023-06-04T10:15:26.150Z,0.4306,120.2406,562.607,4.3,mb,38,96,0.866,0.43,us,us7000k68i,2023-08-12T17:15:02.040Z,""Minahasa, Sulawesi, Indonesia"",earthquake,11.17,7.559,0.107,25,reviewed,us,us"
"2025-07-27T03:21:41.548Z,0.5086,121.2234,92.951,4.3,mb,25,122,0.744,0.95,us,us6000qz4m,2025-10-11T20:57:47.040Z,""204 km W of Gorontalo, Indonesia"",earthquake,6.16,7.185,0.168,11,reviewed,us,us"
"2021-06-07T20:39:00.615Z,0.5414,123.6217,246.45,4.3,mb,,68,1.787,0.82,us,us7000eaw9,2021-08-24T21:34:29.040Z,""62 km E of Gorontalo, Indonesia"",earthquake,7.6,7.2,0.108,24,reviewed,us,us"
"2021-11-22T09:59:08.374Z,0.5704,122.2495,112.69,4.3,mb,,127,1.562,0.67,us,us7000fx97,2022-01-29T22:56:03.040Z,""90 km W of Gorontalo, Indonesia"",earthquake,7.8,8.6,0.126,22,reviewed,us,us"
"2024-08-20T14:52:52.303Z,0.5927,123.6653,261.865,4.3,mb,41,81,2.929,0.92,us,us7000n899,2024-11-02T21:28:31.040Z,""67 km E of Gorontalo, Indonesia"",earthquake,7.49,6.027,0.104,31,reviewed,us,us"
"2023-12-04T19:45:52.637Z,0.6733,122.0998,122.584,4.3,mb,34,122,1.388,0.89,us,us7000lhig,2024-02-10T23:47:31.040Z,""108 km W of Gorontalo, Indonesia"",earthquake,11.95,8.416,0.103,27,reviewed,us,us"
"2023-07-09T09:44:16.600Z,0.7951,121.1135,78.944,4.3,mb,31,64,0.457,0.54,us,us6000kr34,2023-09-16T19:16:06.040Z,""Minahasa, Sulawesi, Indonesia"",earthquake,7.56,4.734,0.118,20,reviewed,us,us"
"2021-05-24T15:27:46.551Z,0.8349,122.4479,55.46,4.3,mb,,110,1.688,0.47,us,us6000efid,2021-07-31T22:09:19.040Z,""75 km WNW of Gorontalo, Indonesia"",earthquake,7.8,8.2,0.143,14,reviewed,us,us"
"2023-06-17T06:12:50.839Z,0.8481,120.2357,80.875,4.3,mb,12,93,0.605,0.66,us,us7000kal0,2023-08-21T04:19:43.040Z,""198 km NNE of Palu, Indonesia"",earthquake,8.36,5.606,0.177,9,reviewed,us,us"
"2024-05-29T21:58:37.448Z,0.9988,119.8084,29.721,4.3,mb,25,75,0.979,0.35,us,us7000mqiq,2024-08-06T20:32:51.040Z,""210 km N of Palu, Indonesia"",earthquake,7.79,5.778,0.148,13,reviewed,us,us"
"2023-06-02T17:33:01.302Z,1.1086,122.572,71.842,4.3,mb,28,111,1.79,0.8,us,us7000k5uv,2024-01-18T20:11:52.540Z,""83 km NW of Gorontalo, Indonesia"",earthquake,5.83,7.841,0.111,25,reviewed,us,us"
"2024-07-21T06:52:41.506Z,1.1856,120.3646,29.505,4.3,mb,19,123,0.423,0.77,us,us6000nhkm,2024-09-28T22:41:23.040Z,""237 km NNE of Palu, Indonesia"",earthquake,11.29,5.645,0.142,14,reviewed,us,us"
"2025-10-25T03:59:17.318Z,-2.1266,120.6903,10,4.2,mb,15,139,0.574,1.08,us,us6000rnav,2025-11-15T22:58:02.040Z,""62 km NE of Masamba, Indonesia"",earthquake,5.72,1.934,0.215,6,reviewed,us,us"
"2025-10-08T10:09:30.652Z,-2.0359,120.6836,10,4.2,mb,16,104,0.639,0.59,us,us6000rk8k,2025-11-05T06:39:25.040Z,""69 km NE of Masamba, Indonesia"",earthquake,3.81,1.928,0.216,6,reviewed,us,us"
"2022-09-03T18:01:59.532Z,-1.6533,121.2495,10,4.2,mb,25,77,1.639,0.65,us,us6000iigl,2022-11-15T19:05:53.040Z,""62 km ESE of Poso, Indonesia"",earthquake,5.19,1.881,0.147,16,reviewed,us,us"
"2021-07-26T13:50:02.816Z,-0.7279,121.8801,11.94,4.2,mb,,120,0.944,0.33,us,us6000f0p3,2021-10-03T05:24:08.040Z,""Sulawesi, Indonesia"",earthquake,7.6,8.3,0.263,4,reviewed,us,us"
"2021-07-26T17:42:07.233Z,-0.7089,121.9594,10,4.2,mb,,126,0.876,0.85,us,us6000f0pl,2021-10-03T05:24:12.040Z,""96 km WNW of Luwuk, Indonesia"",earthquake,5.1,1.9,0.235,5,reviewed,us,us"
"2021-02-05T21:53:48.184Z,-0.6277,123.2701,18.54,4.2,mb,,56,0.646,0.43,us,us6000dgzv,2021-04-22T21:50:31.040Z,""64 km ENE of Luwuk, Indonesia"",earthquake,6.1,5.4,0.187,8,reviewed,us,us"
"2023-12-16T22:30:39.606Z,-0.5444,122.2196,10,4.2,mb,22,65,0.741,0.5,us,us7000lkmb,2024-02-17T22:43:14.040Z,""77 km NW of Luwuk, Indonesia"",earthquake,3.39,1.908,0.187,8,reviewed,us,us"
"2025-11-04T09:23:09.123Z,-0.5362,119.6582,10,4.2,mb,17,135,1.985,1,us,us7000rdha,2025-11-26T07:42:20.040Z,""47 km NNW of Palu, Indonesia"",earthquake,9.04,1.942,0.147,13,reviewed,us,us"
"2023-11-13T21:12:59.867Z,-0.3679,123.1587,75.366,4.2,mb,18,67,0.773,0.86,us,us6000lp4z,2024-01-26T16:37:49.040Z,""76 km NNE of Luwuk, Indonesia"",earthquake,6.87,4.362,0.132,16,reviewed,us,us"
"2023-02-07T18:42:32.727Z,-0.1617,123.9229,106.352,4.2,mb,24,68,1.446,0.83,us,us6000jp4p,2023-04-15T21:40:07.040Z,""Sulawesi, Indonesia"",earthquake,4.71,7.843,0.125,19,reviewed,us,us"
"2025-10-18T23:35:58.071Z,-0.1151,122.9046,98.149,4.2,mb,24,73,2.447,1,us,us6000ri3e,2025-11-11T23:24:11.040Z,""74 km SSW of Gorontalo, Indonesia"",earthquake,7.19,9.753,0.136,15,reviewed,us,us"
"2025-07-04T22:50:36.120Z,-0.1008,123.016,82.215,4.2,mb,26,79,0.966,0.65,us,us7000qcul,2025-09-12T16:23:08.040Z,""70 km S of Gorontalo, Indonesia"",earthquake,7.17,6.962,0.166,11,reviewed,us,us"
"2021-09-01T13:40:39.457Z,-0.0752,123.8834,100.58,4.2,mb,,48,1.468,0.87,us,us7000f6q4,2021-11-06T20:28:32.040Z,""113 km SE of Gorontalo, Indonesia"",earthquake,6.8,3.9,0.115,22,reviewed,us,us"
"2021-11-16T03:42:30.094Z,-0.0647,122.8633,151.3,4.2,mb,,56,0.974,0.73,us,us7000fugu,2022-01-22T20:51:55.040Z,""70 km SSW of Gorontalo, Indonesia"",earthquake,7.4,6.4,0.115,21,reviewed,us,us"
"2021-12-29T15:29:03.075Z,-0.0569,123.8308,90.13,4.2,mb,,64,1.441,1.06,us,us6000gg55,2022-03-05T23:10:53.040Z,""107 km SE of Gorontalo, Indonesia"",earthquake,4.5,7.2,0.128,17,reviewed,us,us"
"2024-06-25T19:59:02.397Z,-0.0567,123.476,99.428,4.2,mb,36,47,2.933,0.76,us,us6000n86s,2024-09-04T21:57:40.040Z,""80 km SE of Gorontalo, Indonesia"",earthquake,9.41,8.924,0.106,25,reviewed,us,us"
"2023-10-27T23:34:07.951Z,-0.043,122.8953,152.712,4.2,mb,24,59,1,0.48,us,us7000l711,2024-01-04T04:22:29.040Z,""66 km SSW of Gorontalo, Indonesia"",earthquake,7.1,9.014,0.132,16,reviewed,us,us"
"2022-04-09T16:13:22.219Z,-0.0378,122.0322,268.57,4.2,mb,,108,1.241,0.59,us,us7000h0x5,2022-06-20T22:07:35.040Z,""131 km WSW of Gorontalo, Indonesia"",earthquake,9.6,8.1,0.128,18,reviewed,us,us"
"2023-03-13T19:29:47.765Z,-0.0256,123.2003,157.042,4.2,mb,27,80,1.097,0.91,us,us7000jkvi,2023-05-20T23:20:33.040Z,""64 km SSE of Gorontalo, Indonesia"",earthquake,7.23,7.201,0.141,14,reviewed,us,us"
"2023-03-23T15:31:56.851Z,-0.025,123.3587,150.115,4.2,mb,22,83,1.168,1.03,us,us6000k0cz,2023-05-26T21:54:01.040Z,""70 km SSE of Gorontalo, Indonesia"",earthquake,7.87,9.039,0.159,13,reviewed,us,us"
"2023-05-13T22:44:31.757Z,0.0121,123.3132,140.312,4.2,mb,29,85,1.179,0.46,us,us6000kcug,2023-07-22T19:17:36.040Z,""64 km SSE of Gorontalo, Indonesia"",earthquake,7.72,7.075,0.124,18,reviewed,us,us"
"2023-07-13T10:26:19.036Z,0.0372,123.7654,148.89,4.2,mb,25,66,1.462,0.73,us,us7000kh4m,2023-09-16T19:16:23.040Z,""87 km WSW of Modisi, Indonesia"",earthquake,8.25,5.857,0.176,12,reviewed,us,us"
"2025-01-09T06:48:34.747Z,0.0386,123.7753,155,4.2,mb,39,70,1.756,1.18,us,us6000plg0,2025-03-20T20:55:34.040Z,""86 km WSW of Modisi, Indonesia"",earthquake,8.35,7.509,0.113,22,reviewed,us,us"
"2022-07-10T14:10:45.518Z,0.1192,123.4038,106.325,4.2,mb,27,68,1.315,1.31,us,us6000i3gl,2022-09-24T21:26:01.040Z,""59 km SE of Gorontalo, Indonesia"",earthquake,7.67,2.776,0.14,16,reviewed,us,us"
"2025-01-12T10:22:39.011Z,0.1233,122.037,180.597,4.2,mb,22,122,1.371,0.66,us,us6000pltq,2025-03-20T20:55:41.040Z,""123 km WSW of Gorontalo, Indonesia"",earthquake,7.32,9.119,0.124,18,reviewed,us,us"
"2021-02-25T03:30:39.471Z,0.1487,123.1735,160.82,4.2,mb,,107,1.248,0.31,us,us7000dew8,2021-05-04T14:17:08.040Z,""44 km SSE of Gorontalo, Indonesia"",earthquake,11.4,6.9,0.16,11,reviewed,us,us"
"2025-07-20T19:43:14.816Z,0.1693,121.8634,213.526,4.2,mb,38,99,1.43,0.81,us,us7000qe3y,2025-10-03T18:43:05.040Z,""139 km WSW of Gorontalo, Indonesia"",earthquake,4.85,7.292,0.095,31,reviewed,us,us"
"2021-09-10T20:36:50.368Z,0.1696,121.7448,180.42,4.2,mb,,106,1.342,0.74,us,us7000fbuw,2021-11-23T15:09:23.040Z,""152 km WSW of Gorontalo, Indonesia"",earthquake,7.1,7.7,0.176,11,reviewed,us,us"
"2024-02-17T11:25:55.857Z,0.2601,121.9886,184.232,4.2,mb,26,63,1.473,0.8,us,us7000m0sz,2024-04-24T14:42:06.040Z,""123 km WSW of Gorontalo, Indonesia"",earthquake,8.42,1.501,0.124,18,reviewed,us,us"
"2023-08-26T15:14:07.393Z,0.2717,123.8081,149.391,4.2,mb,21,67,3.139,0.91,us,us7000ksf9,2023-10-28T19:15:38.040Z,""72 km WSW of Modisi, Indonesia"",earthquake,7.27,10.191,0.14,14,reviewed,us,us"
"2022-02-09T02:49:50.020Z,0.2822,122.5274,159.57,4.2,mb,,125,1.337,0.78,us,us7000gktc,2022-04-19T17:40:14.040Z,""65 km WSW of Gorontalo, Indonesia"",earthquake,7.1,9,0.166,10,reviewed,us,us"
"2024-04-02T12:43:03.815Z,0.2854,121.6878,142.868,4.2,mb,21,164,1.222,0.53,us,us7000mb0g,2024-06-12T21:51:57.040Z,""155 km W of Gorontalo, Indonesia"",earthquake,7.63,7.748,0.136,15,reviewed,us,us"
"2021-05-08T03:34:29.245Z,0.305,122.4492,161.28,4.2,mb,,123,1.376,0.81,us,us7000e31v,2021-07-23T18:08:42.040Z,""72 km WSW of Gorontalo, Indonesia"",earthquake,7.8,8.8,0.159,12,reviewed,us,us"
"2025-08-11T03:04:49.586Z,0.3272,122.3923,126.206,4.2,mb,23,84,1.412,0.76,us,us7000qu3i,2025-10-25T13:40:39.040Z,""78 km WSW of Gorontalo, Indonesia"",earthquake,5.56,6.615,0.166,10,reviewed,us,us"
"2024-03-29T19:21:26.341Z,0.349,122.1301,198.954,4.2,mb,25,117,1.523,0.98,us,us7000m9x7,2024-06-01T21:55:51.040Z,""105 km WSW of Gorontalo, Indonesia"",earthquake,9.65,6.492,0.124,20,reviewed,us,us"
"2021-01-22T02:17:33.956Z,0.3979,122.2345,187.17,4.2,mb,,137,1.527,0.47,us,us6000dcyq,2021-04-13T17:06:12.040Z,""93 km W of Gorontalo, Indonesia"",earthquake,14.9,11.2,0.235,6,reviewed,us,us"
"2021-04-02T07:52:21.911Z,0.4032,121.4866,146.42,4.2,mb,,103,0.995,0.85,us,us6000e0b5,2021-06-12T21:36:29.040Z,""176 km W of Gorontalo, Indonesia"",earthquake,8.7,7.5,0.159,11,reviewed,us,us"
"2023-01-24T13:14:13.508Z,0.4211,123.5494,264.076,4.2,mb,35,72,1.648,0.69,us,us6000jlv7,2023-04-11T18:51:43.040Z,""55 km ESE of Gorontalo, Indonesia"",earthquake,9.78,8.732,0.11,23,reviewed,us,us"
"2021-01-02T05:18:58.498Z,0.4377,121.8602,121.69,4.2,mb,,133,1.269,0.69,us,us6000d7s7,2021-03-13T23:00:01.040Z,""134 km W of Gorontalo, Indonesia"",earthquake,10.7,4.7,0.159,11,reviewed,us,us"
"2021-06-28T20:03:04.896Z,0.4538,120.3581,57.43,4.2,mb,,89,0.778,0.48,us,us7000ei8l,2021-09-09T22:06:42.040Z,""160 km NNE of Palu, Indonesia"",earthquake,7.3,12.3,0.263,5,reviewed,us,us"
"2022-06-15T11:22:33.293Z,0.4577,123.541,250.56,4.2,mb,30,66,1.676,0.63,us,us7000hhig,2022-08-21T00:17:30.040Z,""53 km E of Gorontalo, Indonesia"",earthquake,9.7,8.8,0.121,19,reviewed,us,us"
"2023-06-07T21:15:17.218Z,0.4705,122.3735,125.327,4.2,mb,35,60,1.554,0.69,us,us7000k70s,2023-08-12T17:15:08.040Z,""77 km W of Gorontalo, Indonesia"",earthquake,8.87,3.033,0.106,25,reviewed,us,us"
"2025-02-15T23:01:05.783Z,0.5559,123.5822,261.491,4.2,mb,39,58,1.536,0.8,us,us7000pe12,2025-05-02T16:26:19.040Z,""57 km E of Gorontalo, Indonesia"",earthquake,7.75,7.528,0.108,24,reviewed,us,us"
"2022-09-22T17:59:05.685Z,0.7171,123.7763,265.468,4.2,mb,34,70,2.015,0.66,us,us6000imfb,2022-11-26T20:57:18.040Z,""81 km ENE of Gorontalo, Indonesia"",earthquake,6.8,7.677,0.125,18,reviewed,us,us"
"2022-05-01T20:36:36.546Z,0.7215,122.3939,77.26,4.2,mb,25,79,1.657,0.74,us,us7000h84q,2022-07-09T21:39:47.040Z,""77 km WNW of Gorontalo, Indonesia"",earthquake,4.8,10.2,0.141,14,reviewed,us,us"
"2024-12-17T23:05:36.938Z,0.7452,122.1988,88.558,4.2,mb,18,105,1.463,0.94,us,us6000phgl,2025-02-27T17:30:48.040Z,""98 km WNW of Gorontalo, Indonesia"",earthquake,6.44,8.856,0.159,11,reviewed,us,us"
"2023-07-31T14:36:50.382Z,0.9001,119.4481,22.784,4.2,mb,16,146,1.35,0.47,us,us6000kzde,2023-10-07T21:39:01.040Z,""205 km NNW of Palu, Indonesia"",earthquake,9.22,6.334,0.186,11,reviewed,us,us"
"2022-11-21T00:35:50.686Z,0.9047,122.8653,65.076,4.2,mb,28,116,1.936,0.47,us,us7000ir8e,2023-01-30T06:00:30.040Z,""46 km NNW of Gorontalo, Indonesia"",earthquake,7.11,8.509,0.132,16,reviewed,us,us"
"2023-06-22T22:36:52.885Z,1.0474,120.436,35,4.2,mb,19,167,0.351,0.33,us,us7000kagx,2023-08-26T20:54:27.040Z,""225 km NNE of Palu, Indonesia"",earthquake,7.55,1.949,0.147,15,reviewed,us,us"
"2025-03-22T03:46:15.186Z,1.0626,120.2798,35,4.2,mb,21,97,0.504,0.6,us,us7000plse,2025-05-29T17:36:28.040Z,""222 km NNE of Palu, Indonesia"",earthquake,5.58,1.932,0.159,15,reviewed,us,us"
"2025-07-17T09:47:47.355Z,1.0899,122.0734,55.736,4.2,mb,21,65,1.292,0.7,us,us6000qwki,2025-10-03T18:41:40.040Z,""125 km WNW of Gorontalo, Indonesia"",earthquake,4.73,9.915,0.166,10,reviewed,us,us"
"2021-12-25T19:21:51.428Z,1.0994,121.3822,59.25,4.2,mb,,181,2.54,0.36,us,us7000g9ld,2022-03-05T23:11:02.040Z,""197 km WNW of Gorontalo, Indonesia"",earthquake,12.7,4.6,0.187,8,reviewed,us,us"
"2023-09-06T02:28:12.418Z,1.2305,121.8072,35,4.2,mb,13,106,1.032,0.5,us,us7000kv2j,2023-11-17T19:47:52.040Z,""159 km WNW of Gorontalo, Indonesia"",earthquake,8.21,1.827,0.175,9,reviewed,us,us"
"2023-02-26T08:34:34.867Z,1.328,122.8883,40.695,4.2,mb,32,87,2.117,0.42,us,us7000jhne,2023-05-08T01:59:30.040Z,""89 km NNW of Gorontalo, Indonesia"",earthquake,6.88,8.668,0.121,25,reviewed,us,us"
"2024-03-25T12:37:04.711Z,-1.6216,120.2439,10,4.1,mb,24,98,2.592,0.6,us,us7000m8l8,2024-06-01T21:55:48.040Z,""61 km WSW of Poso, Indonesia"",earthquake,6.3,1.886,0.145,13,reviewed,us,us"
"2023-05-25T04:32:04.714Z,-1.4868,119.4146,10,4.1,mb,22,92,2.537,0.78,us,us7000k5am,2023-07-29T22:00:48.040Z,""81 km SW of Palu, Indonesia"",earthquake,5.52,1.622,0.174,9,reviewed,us,us"
"2022-02-09T00:14:17.916Z,-1.2534,123.881,10,4.1,mb,,56,1.128,1.09,us,us7000gj81,2022-04-19T17:39:12.040Z,""126 km ESE of Luwuk, Indonesia"",earthquake,3.5,1.9,0.214,6,reviewed,us,us"
"2023-07-30T23:39:21.644Z,-0.9468,120.5307,10,4.1,mb,22,83,2.06,0.5,us,us6000kymy,2023-10-07T21:39:00.040Z,""55 km NNW of Poso, Indonesia"",earthquake,5.33,1.881,0.214,6,reviewed,us,us"
"2024-04-27T07:40:24.105Z,-0.7442,123.0469,9.779,4.1,mb,16,116,0.404,0.53,us,us6000mw49,2024-07-02T22:12:53.040Z,""36 km NE of Luwuk, Indonesia"",earthquake,5.59,4.779,0.185,8,reviewed,us,us"
"2022-12-13T07:55:50.263Z,-0.6142,121.8665,9.045,4.1,mb,20,116,1,0.6,us,us6000j9ry,2023-02-18T22:04:17.040Z,""Sulawesi, Indonesia"",earthquake,5.77,5.032,0.197,7,reviewed,us,us"
"2023-09-16T18:20:04.310Z,-0.476,123.8369,11.459,4.1,mb,18,58,1.204,0.49,us,us7000kx30,2023-11-18T22:29:36.040Z,""122 km SSW of Modisi, Indonesia"",earthquake,5.8,1.459,0.214,7,reviewed,us,us"
"2023-01-25T02:52:25.152Z,-0.2488,123.0509,162.171,4.1,mb,12,101,0.836,0.58,us,us6000jlu7,2023-04-11T18:51:42.040Z,""83 km NNE of Luwuk, Indonesia"",earthquake,11.59,10.839,0.166,10,reviewed,us,us"
"2024-06-26T19:41:28.220Z,-0.2421,123.1288,76.623,4.1,mb,21,76,2.705,0.97,us,us6000na3j,2024-09-04T21:57:41.040Z,""86 km S of Gorontalo, Indonesia"",earthquake,8.74,9.084,0.158,11,reviewed,us,us"
"2020-12-20T22:13:50.919Z,-0.1889,123.0381,68.71,4.1,mb,,71,0.888,0.58,us,us6000d286,2021-02-27T23:24:06.040Z,""80 km S of Gorontalo, Indonesia"",earthquake,6.5,8.2,0.233,5,reviewed,us,us"
"2025-05-08T16:13:16.717Z,-0.1362,123.7299,131.251,4.1,mb,33,72,1.314,1.09,us,us7000pxzh,2025-07-24T21:30:11.040Z,""102 km SW of Modisi, Indonesia"",earthquake,7.65,7.878,0.103,27,reviewed,us,us"
"2022-11-25T18:29:28.085Z,-0.0409,123.3818,131.402,4.1,mb,13,76,1.166,0.72,us,us6000j5ts,2023-01-30T06:01:51.040Z,""73 km SSE of Gorontalo, Indonesia"",earthquake,5.71,4.74,0.234,6,reviewed,us,us"
"2025-01-24T05:34:20.185Z,-0.012,123.5848,127.345,4.1,mb,26,58,1.307,1.28,us,us7000paeg,2025-04-08T22:01:03.040Z,""84 km SE of Gorontalo, Indonesia"",earthquake,6.9,6.511,0.131,16,reviewed,us,us"
"2024-01-19T01:32:20.506Z,0.0059,123.4966,104.557,4.1,mb,13,117,1.268,0.84,us,us7000lty1,2024-03-29T17:37:56.040Z,""76 km SE of Gorontalo, Indonesia"",earthquake,5.82,11.805,0.233,7,reviewed,us,us"
"2022-08-15T02:48:12.579Z,0.0172,123.2755,152.56,4.1,mb,15,78,2.72,0.51,us,us7000i224,2022-10-28T02:27:45.040Z,""62 km SSE of Gorontalo, Indonesia"",earthquake,9.46,10.364,0.146,13,reviewed,us,us"
"2022-07-14T18:27:46.300Z,0.0691,123.2909,165.66,4.1,mb,21,136,4.135,0.88,us,us7000hspm,2022-09-24T21:25:37.040Z,""57 km SSE of Gorontalo, Indonesia"",earthquake,10.9,7.6,0.135,15,reviewed,us,us"
"2023-04-18T06:56:35.058Z,0.074,123.1591,112.268,4.1,mb,22,70,1.174,0.6,us,us7000jvtv,2023-07-03T02:47:19.040Z,""52 km SSE of Gorontalo, Indonesia"",earthquake,6.32,7.161,0.145,13,reviewed,us,us"
"2024-06-23T05:20:02.807Z,0.161,123.6036,143.476,4.1,mb,28,71,2.975,1.17,us,us6000n8xw,2024-08-30T18:17:06.040Z,""73 km SE of Gorontalo, Indonesia"",earthquake,7.59,7.597,0.124,18,reviewed,us,us"
"2025-07-16T03:53:55.502Z,0.1654,121.7758,204.055,4.1,mb,18,153,1.368,1,us,us6000qvy3,2025-10-03T18:41:38.040Z,""149 km WSW of Gorontalo, Indonesia"",earthquake,9.21,7.093,0.145,13,reviewed,us,us"
"2021-12-29T04:04:12.081Z,0.2024,122.2552,159.95,4.1,mb,,100,1.339,0.57,us,us7000gakf,2022-03-05T23:11:08.040Z,""97 km WSW of Gorontalo, Indonesia"",earthquake,8.1,4.9,0.197,7,reviewed,us,us"
"2022-06-19T09:23:57.913Z,0.208,121.77,191.62,4.1,mb,30,112,1.334,0.36,us,us7000hjmw,2022-08-28T03:18:41.040Z,""148 km WSW of Gorontalo, Indonesia"",earthquake,8,6.4,0.107,25,reviewed,us,us"
"2021-03-13T03:32:30.534Z,0.2192,122.5047,161.63,4.1,mb,,178,1.28,0.45,us,us6000dvpw,2021-05-26T22:06:32.040Z,""71 km WSW of Gorontalo, Indonesia"",earthquake,11.3,9.4,0.214,6,reviewed,us,us"
"2022-03-22T02:34:45.037Z,0.2604,123.8301,113.21,4.1,mb,,66,1.671,0.54,us,us7000gxb8,2022-05-28T18:35:38.040Z,""90 km ESE of Gorontalo, Indonesia"",earthquake,7.1,8.5,0.175,9,reviewed,us,us"
"2025-09-30T14:53:19.691Z,0.2823,122.0762,188.972,4.1,mb,21,69,1.488,0.54,us,us6000riqb,2025-10-25T22:05:16.040Z,""113 km WSW of Gorontalo, Indonesia"",earthquake,6.59,6.338,0.151,12,reviewed,us,us"
"2024-01-07T21:52:24.514Z,0.2941,121.9205,186.701,4.1,mb,26,110,1.398,0.86,us,us6000m420,2024-03-09T21:40:56.040Z,""129 km WSW of Gorontalo, Indonesia"",earthquake,8.08,7.035,0.131,16,reviewed,us,us"
"2022-01-07T18:51:49.759Z,0.3479,122.2469,192.9,4.1,mb,,65,1.476,0.62,us,us7000gcni,2022-03-12T22:19:24.040Z,""Minahasa, Sulawesi, Indonesia"",earthquake,7.5,8.9,0.166,12,reviewed,us,us"
"2022-07-29T02:51:02.433Z,0.3599,122.1175,179.035,4.1,mb,14,99,1.53,0.75,us,us6000i93m,2022-10-01T22:09:38.040Z,""107 km W of Gorontalo, Indonesia"",earthquake,12.26,9.57,0.184,9,reviewed,us,us"
"2021-09-15T16:30:49.174Z,0.3754,123.8799,200.6,4.1,mb,,75,1.791,0.95,us,us7000fd6m,2021-11-23T15:12:36.040Z,""92 km E of Gorontalo, Indonesia"",earthquake,9.2,10,0.158,11,reviewed,us,us"
"2021-03-31T23:50:47.937Z,0.4003,123.5793,253.08,4.1,mb,,124,1.644,0.87,us,us6000e01p,2021-06-08T18:00:16.040Z,""59 km ESE of Gorontalo, Indonesia"",earthquake,12.5,10.3,0.123,18,reviewed,us,us"
"2022-11-17T06:58:38.218Z,0.4237,122.2068,121.606,4.1,mb,21,97,1.561,0.47,us,us7000irjq,2023-01-28T19:58:28.040Z,""96 km W of Gorontalo, Indonesia"",earthquake,9.32,7.168,0.151,16,reviewed,us,us"
"2024-10-11T01:09:30.573Z,0.4311,123.5975,244.179,4.1,mb,16,100,1.68,0.76,us,us7000np1e,2024-12-23T15:47:52.040Z,""60 km E of Gorontalo, Indonesia"",earthquake,10.25,5.309,0.157,12,reviewed,us,us"
"2025-04-05T20:11:47.546Z,0.5008,121.8771,131.123,4.1,mb,26,86,1.252,0.54,us,us6000q6ji,2025-06-09T13:38:47.040Z,""132 km W of Gorontalo, Indonesia"",earthquake,4.76,8.004,0.174,10,reviewed,us,us"
"2025-09-02T19:57:54.134Z,0.6016,122.2017,116.082,4.1,mb,27,74,1.729,1.08,us,us6000rd3l,2025-11-19T21:59:37.040Z,""96 km W of Gorontalo, Indonesia"",earthquake,6.9,7.682,0.127,17,reviewed,us,us"
"2021-04-05T03:41:25.515Z,1.0701,121.6881,72.76,4.1,mb,,135,0.907,0.69,us,us6000e183,2021-06-12T21:37:14.040Z,""163 km WNW of Gorontalo, Indonesia"",earthquake,8.8,9.8,0.157,11,reviewed,us,us"
"2023-11-25T01:29:54.798Z,-0.4227,122.7799,170.215,4,mb,12,173,0.615,0.68,us,us7000leyt,2024-02-01T15:13:47.040Z,""58 km N of Luwuk, Indonesia"",earthquake,9.94,8.544,0.173,9,reviewed,us,us"
"2024-09-12T00:24:45.901Z,-0.344,123.0614,102.927,4,mb,12,86,2.699,0.37,us,us6000nymw,2024-11-21T22:58:53.040Z,""73 km NNE of Luwuk, Indonesia"",earthquake,7.7,12.481,0.172,9,reviewed,us,us"
"2023-03-07T03:14:31.249Z,-0.1482,120.3173,10,4,mb,13,126,1.334,0.77,us,us7000jjjx,2023-05-15T02:50:23.040Z,""97 km NNE of Palu, Indonesia"",earthquake,6.99,1.941,0.195,7,reviewed,us,us"
"2025-09-23T05:04:34.653Z,-0.0117,123.4351,176.509,4,mb,29,103,1.219,1.1,us,us6000rhi4,2025-12-06T16:00:17.040Z,""73 km SE of Gorontalo, Indonesia"",earthquake,6.21,7.836,0.13,16,reviewed,us,us"
"2024-02-07T18:19:23.988Z,-0.0112,122.284,242.842,4,mb,21,95,1.134,0.7,us,us7000lyqw,2024-04-20T19:33:53.040Z,""105 km SW of Gorontalo, Indonesia"",earthquake,10.47,6.454,0.138,14,reviewed,us,us"
"2021-07-08T11:05:00.375Z,0.0015,123.1519,137.93,4,mb,,60,1.103,0.97,us,us7000elll,2021-09-10T20:07:43.040Z,""60 km S of Gorontalo, Indonesia"",earthquake,6.9,8,0.15,16,reviewed,us,us"
"2022-11-07T13:51:49.010Z,0.1572,123.4171,155.873,4,mb,22,108,1.355,0.6,us,us7000ip2d,2023-01-21T19:27:22.040Z,""57 km SE of Gorontalo, Indonesia"",earthquake,9.56,8.652,0.15,12,reviewed,us,us"
"2022-04-30T10:22:24.937Z,0.2453,122.6021,155.78,4,mb,18,151,1.289,0.25,us,us7000h7k2,2022-07-09T21:39:43.040Z,""60 km WSW of Gorontalo, Indonesia"",earthquake,10.5,9.1,0.156,12,reviewed,us,us"
"2023-12-20T10:48:52.363Z,0.2783,120.4221,75.66,4,mb,19,90,0.902,0.41,us,us6000m1d8,2024-02-27T22:56:56.040Z,""144 km NNE of Palu, Indonesia"",earthquake,5.23,8.01,0.157,11,reviewed,us,us"
"2021-02-26T06:22:35.881Z,0.2994,122.4527,165.07,4,mb,,115,1.369,0.88,us,us7000df6a,2021-05-13T22:34:45.040Z,""72 km WSW of Gorontalo, Indonesia"",earthquake,10.9,10.5,0.164,11,reviewed,us,us"
"2024-02-07T16:04:52.399Z,0.5086,122.5285,100.331,4,mb,14,113,1.559,0.84,us,us7000lyqt,2024-04-20T19:33:51.040Z,""59 km W of Gorontalo, Indonesia"",earthquake,9.7,10.366,0.172,9,reviewed,us,us"
"2023-05-31T23:22:55.035Z,0.5389,123.0214,258.863,4,mb,18,75,2.31,0.59,us,us7000k6uh,2024-01-18T20:03:09.595Z,""4 km W of Gorontalo, Indonesia"",earthquake,9.95,9.313,0.143,13,reviewed,us,us"
"2024-11-16T12:41:04.974Z,0.5453,123.5607,262.832,4,mb,22,74,1.763,1.11,us,us7000nvhf,2025-01-26T16:31:09.040Z,""55 km E of Gorontalo, Indonesia"",earthquake,10.97,9.871,0.139,14,reviewed,us,us"
"2021-06-27T22:05:23.300Z,0.6514,123.7372,263.88,4,mb,,73,1.939,0.62,us,us7000ei6l,2021-09-09T22:06:37.040Z,""76 km E of Gorontalo, Indonesia"",earthquake,7.3,7.3,0.122,18,reviewed,us,us"
"2023-04-01T09:10:56.359Z,0.6546,123.8922,227.081,4,mb,14,118,2.024,0.89,us,us6000k2cr,2023-06-03T22:06:21.040Z,""64 km WNW of Modisi, Indonesia"",earthquake,8.32,8.228,0.149,13,reviewed,us,us"
"2021-07-10T17:59:03.432Z,0.6597,120.6466,3.44,4,mb,,106,0.468,0.75,us,us7000em77,2021-09-17T22:50:47.040Z,""193 km NNE of Palu, Indonesia"",earthquake,5.1,6,0.183,10,reviewed,us,us"
"2022-06-16T00:31:15.036Z,1.1013,121.3255,38.99,4,mb,13,111,0.543,0.46,us,us7000hj0r,2022-08-21T00:17:44.040Z,""203 km WNW of Gorontalo, Indonesia"",earthquake,7.1,11.7,0.26,4,reviewed,us,us"
"2025-02-23T00:18:02.896Z,0.6013,121.2448,85.947,3.9,mb,17,84,0.686,0.65,us,us7000pfiz,2025-05-06T21:39:19.040Z,""202 km W of Gorontalo, Indonesia"",earthquake,7.34,7.598,0.296,3,reviewed,us,us"
